seasonal_infl,01/02,02/02,03/02,04/02,05/02,06/02,07/02,08/02,09/02,10/02,11/02,12/02,01/03,02/03,03/03,04/03,05/03,06/03,07/03,08/03,09/03,10/03,11/03,12/03,01/04,02/04,03/04,04/04,05/04,06/04,07/04,08/04,09/04,10/04,11/04,12/04,01/05,02/05,03/05,04/05,05/05,06/05,07/05,08/05,09/05,10/05,11/05,12/05,01/06,02/06,03/06,04/06,05/06,06/06,07/06,08/06,09/06,10/06,11/06,12/06,01/07,02/07,03/07,04/07,05/07,06/07,07/07,08/07,09/07,10/07,11/07,12/07,01/08,02/08,03/08,04/08,05/08,06/08,07/08,08/08,09/08,10/08,11/08,12/08,01/09,02/09,03/09,04/09,05/09,06/09,07/09,08/09,09/09,10/09,11/09,12/09,01/10,02/10,03/10,04/10,05/10,06/10,07/10,08/10,09/10,10/10,11/10,12/10,01/11,02/11,03/11,04/11,05/11,06/11,07/11,08/11,09/11,10/11,11/11,12/11,01/12,02/12,03/12,04/12,05/12,06/12,07/12,08/12,09/12,10/12,11/12,12/12,01/13,02/13,03/13,04/13,05/13,06/13,07/13,08/13,09/13,10/13,11/13,12/13,01/14,02/14,03/14,04/14,05/14,06/14,07/14,08/14,09/14,10/14,11/14,12/14,01/15,02/15,03/15,04/15,05/15,06/15,07/15,08/15,09/15,10/15,11/15,12/15,01/16,02/16,03/16,04/16,05/16,06/16,07/16,08/16,09/16,10/16,11/16,12/16,01/17,02/17,03/17,04/17,05/17,06/17,07/17,08/17,09/17,10/17,11/17,12/17,01/18,02/18,03/18,04/18,05/18,06/18,07/18,08/18,09/18,10/18,11/18,12/18,01/19,02/19,03/19,04/19,05/19,06/19,07/19,08/19,09/19,10/19,11/19,12/19,01/20,02/20,03/20,04/20,05/20,06/20,07/20,08/20,09/20,10/20,11/20,12/20,01/21,02/21,03/21,04/21,05/21,06/21,07/21,08/21,09/21,10/21,11/21,12/21,01/22,02/22,03/22,04/22,05/22,06/22,07/22,08/22,09/22,10/22,11/22,12/22,01/23,02/23,03/23,04/23,05/23,06/23,07/23,08/23,09/23,10/23,11/23,12/23,01/24,02/24,03/24,04/24,05/24,06/24,07/24,08/24,09/24,10/24,11/24,12/24,01/25,02/25,03/25,04/25,05/25,06/25,07/25,08/25,09/25,10/25,11/25,12/25,01/26,02/26,03/26
Все товары и услуги,1.66,0.93,0.96,1.16,1.86,0.74,1.02,1.00,1.07,1.25,1.43,1.19,1.25,1.39,0.91,1.01,0.94,0.96,0.96,0.33,0.89,1.09,0.77,0.81,0.67,0.82,0.67,1.03,0.90,0.95,1.14,1.03,0.90,1.25,1.00,0.86,0.95,1.09,1.29,1.22,0.98,0.83,0.76,0.60,0.82,0.76,0.72,0.64,0.96,1.45,0.74,0.43,0.61,0.42,0.92,0.88,0.59,0.47,0.58,0.65,0.40,0.96,0.55,0.64,0.72,1.05,1.13,0.75,1.22,1.77,1.14,0.93,0.97,1.07,1.17,1.49,1.42,1.09,0.76,0.97,1.20,1.06,0.79,0.49,0.96,1.56,1.31,0.79,0.65,0.71,0.88,0.61,0.41,0.18,0.30,0.36,0.38,0.77,0.58,0.36,0.54,0.47,0.60,1.22,1.32,0.62,0.76,0.86,1.20,0.69,0.56,0.49,0.50,0.29,0.19,0.26,0.32,0.57,0.41,0.34,0.23,0.31,0.52,0.34,0.52,0.91,0.96,0.61,0.90,0.52,0.28,0.34,0.68,0.48,0.32,0.55,0.69,0.46,0.44,0.65,0.53,0.66,0.49,0.32,0.29,0.58,0.97,0.92,0.90,0.65,0.46,0.67,0.93,0.84,1.15,2.34,3.52,2.08,1.17,0.49,0.38,0.24,0.60,0.84,0.86,0.78,0.66,0.54,0.64,0.50,0.43,0.44,0.42,0.40,0.54,0.46,0.42,0.46,0.33,0.17,0.35,0.11,0.11,0.33,0.39,0.61,0.06,-0.10,0.12,0.22,0.12,0.20,0.05,0.11,0.27,0.36,0.41,0.49,0.28,0.47,0.42,0.34,0.39,0.60,0.74,0.32,0.30,0.26,0.37,0.08,0.21,0.20,0.10,0.13,0.17,0.12,0.17,0.19,0.53,0.81,0.32,0.28,0.39,0.38,0.24,0.41,0.57,0.56,0.39,0.56,0.57,0.58,0.90,0.72,0.43,0.62,0.86,1.09,0.67,0.69,0.68,0.95,7.49,1.52,0.27,-0.28,-0.32,0.00,0.25,0.19,0.10,0.47,0.56,0.27,0.28,0.36,0.31,0.45,0.98,0.95,1.07,0.79,0.83,0.60,0.53,0.45,0.33,0.57,0.68,0.68,1.22,0.89,0.68,0.81,1.18,1.18,0.81,0.57,0.53,0.38,0.34,0.30,0.75,0.27,0.48,0.58,0.24,0.26,1.15,0.47,0.48
"- без плодоовощной продукции, нефтепродуктов и ЖКХ",1.37,0.82,0.68,0.75,1.09,0.64,0.96,0.65,0.95,1.04,1.16,0.94,1.06,0.87,0.75,0.79,0.91,0.94,0.94,0.70,0.91,1.25,0.85,0.87,0.76,0.81,0.73,1.01,0.87,0.71,0.90,0.72,0.76,1.25,0.96,0.88,0.90,0.78,0.87,0.96,0.86,0.73,0.64,0.54,0.73,0.68,0.55,0.54,0.73,1.18,0.72,0.48,0.58,0.47,0.71,0.68,0.60,0.50,0.53,0.66,0.49,0.99,0.53,0.59,0.51,0.69,1.01,0.96,1.31,1.82,0.99,0.82,0.92,1.01,1.08,1.33,1.30,1.11,0.87,0.99,1.23,1.10,0.98,0.75,1.18,1.56,1.39,0.89,0.61,0.40,0.43,0.48,0.46,0.25,0.27,0.40,0.45,0.64,0.50,0.28,0.32,0.33,0.47,0.85,1.10,0.64,0.64,0.68,1.02,0.75,0.64,0.56,0.54,0.44,0.42,0.43,0.41,0.50,0.51,0.46,0.38,0.40,0.54,0.40,0.39,0.54,0.73,0.62,0.64,0.52,0.38,0.41,0.67,0.50,0.38,0.48,0.59,0.41,0.40,0.50,0.57,0.52,0.48,0.39,0.33,0.58,0.89,0.97,0.92,0.83,0.65,0.66,0.75,0.72,0.86,2.37,3.41,2.25,1.33,0.70,0.51,0.43,0.43,0.81,0.75,0.73,0.60,0.53,0.73,0.63,0.58,0.53,0.50,0.46,0.45,0.42,0.45,0.42,0.38,0.31,0.36,0.21,0.11,0.16,0.17,0.20,0.20,0.12,0.17,0.14,0.12,0.15,0.15,0.11,0.13,0.28,0.28,0.40,0.30,0.33,0.54,0.45,0.41,0.54,0.61,0.31,0.27,0.27,0.32,0.24,0.26,0.22,0.15,0.16,0.20,0.15,0.14,0.13,0.52,0.63,0.39,0.21,0.29,0.31,0.32,0.54,0.55,0.48,0.46,0.51,0.73,0.66,0.88,0.59,0.56,0.55,0.71,0.91,0.89,0.85,0.74,0.95,8.39,1.95,0.42,0.15,-0.10,0.09,0.25,0.13,0.01,0.17,0.25,0.10,0.26,0.34,0.44,0.48,0.64,0.82,0.93,1.00,0.86,0.60,0.48,0.50,0.42,0.68,0.74,0.52,0.53,0.67,0.78,0.94,1.01,1.09,0.91,0.70,0.55,0.34,0.41,0.32,0.31,0.31,0.44,0.43,0.29,0.43,0.88,0.47,0.47
Продовольственные товары,1.59,0.43,0.18,0.83,2.30,0.03,0.77,0.53,0.47,0.82,1.38,1.30,1.36,0.75,0.67,0.86,0.80,0.96,0.72,-0.03,0.81,1.19,0.73,0.77,0.74,0.77,0.81,0.75,0.59,0.98,1.24,1.27,0.88,1.46,1.10,1.13,0.59,0.97,1.74,1.56,1.09,0.79,0.54,0.27,0.26,0.49,0.52,0.47,1.11,2.48,0.81,0.14,0.46,0.06,1.14,0.82,0.33,0.10,0.44,0.52,0.16,0.41,0.46,0.64,0.91,1.72,1.76,0.79,1.92,3.31,1.54,1.00,1.08,1.20,1.65,2.09,2.02,1.10,0.44,1.11,1.56,1.60,0.92,0.50,0.67,1.43,1.37,0.60,0.59,0.49,0.89,0.38,-0.01,-0.43,0.01,0.07,0.67,0.84,0.72,0.23,0.62,0.52,0.72,2.37,2.54,0.78,1.00,1.42,1.73,0.75,0.63,0.29,-0.03,-0.25,-0.31,-0.29,-0.08,0.49,0.24,0.21,0.09,0.32,0.56,0.18,0.55,1.62,1.59,0.77,0.83,0.49,0.13,0.35,1.04,0.42,0.18,0.63,0.92,0.55,0.48,0.50,0.59,1.00,0.56,0.16,0.29,0.76,1.53,1.23,1.45,0.81,0.48,0.88,1.56,1.04,1.59,2.59,4.78,2.79,1.35,0.27,0.11,-0.29,0.34,0.55,1.00,0.88,0.73,0.52,0.42,0.24,0.22,0.35,0.44,0.28,0.58,0.59,0.40,0.59,0.30,-0.02,0.17,-0.18,-0.02,0.48,0.62,1.14,-0.31,-0.64,-0.17,0.21,-0.19,0.00,-0.12,-0.04,0.35,0.25,0.01,0.57,0.36,0.82,0.43,0.32,0.57,1.08,0.62,0.37,0.37,0.24,0.50,-0.26,0.41,0.24,0.04,-0.06,0.02,0.05,0.06,0.14,0.83,1.52,0.29,0.44,0.70,0.45,0.07,0.34,0.86,0.86,0.31,0.74,0.71,0.58,1.15,0.96,0.30,0.69,1.46,1.82,0.72,0.66,0.69,1.04,6.62,2.70,0.81,-0.76,-0.78,-0.31,-0.01,-0.04,-0.11,-0.03,0.58,0.29,0.07,0.16,-0.06,0.34,1.34,1.17,1.32,0.98,0.91,0.72,0.50,0.29,0.12,0.37,0.70,0.99,1.20,1.24,0.79,0.87,1.67,1.83,0.54,0.77,0.79,0.58,0.53,0.45,0.17,0.22,0.44,0.71,0.10,-0.21,1.16,0.35,0.34
-без плодоовощной продукции,0.95,0.54,0.35,0.40,0.90,0.57,1.06,0.27,0.47,0.64,1.09,0.92,1.02,0.80,0.66,0.67,0.91,1.03,0.80,0.78,1.05,1.56,0.92,0.95,1.03,1.07,0.93,1.07,0.94,0.82,1.02,0.72,0.85,1.53,1.19,1.20,0.87,0.88,1.11,1.31,1.06,0.75,0.59,0.44,0.51,0.47,0.35,0.41,0.84,1.86,0.92,0.38,0.52,0.42,0.71,0.64,0.53,0.24,0.43,0.65,0.45,0.52,0.50,0.54,0.45,0.70,1.41,1.57,2.12,3.33,1.35,1.00,1.05,1.21,1.50,1.84,1.85,1.48,1.10,1.20,1.47,1.57,1.11,0.79,0.94,1.50,1.34,0.80,0.54,0.36,0.27,0.37,0.37,-0.09,0.09,0.18,0.68,0.75,0.62,0.24,0.15,0.24,0.49,1.20,1.76,0.94,0.91,1.07,1.42,0.98,0.83,0.66,0.51,0.36,0.41,0.30,0.17,0.42,0.54,0.46,0.44,0.50,0.56,0.33,0.25,0.51,0.88,0.83,0.75,0.71,0.50,0.58,1.05,0.55,0.40,0.40,0.54,0.39,0.43,0.61,0.80,0.72,0.59,0.38,0.38,0.68,1.27,1.21,1.60,1.38,1.04,0.95,1.17,0.88,1.18,2.03,3.58,2.71,1.57,0.97,0.48,0.40,0.33,0.50,0.68,0.70,0.52,0.39,0.48,0.45,0.58,0.54,0.59,0.48,0.57,0.45,0.42,0.49,0.40,0.39,0.27,0.12,0.08,0.13,0.12,0.19,0.12,0.03,-0.03,0.06,-0.09,0.03,0.08,0.02,0.00,0.14,0.28,0.52,0.39,0.42,0.66,0.59,0.62,0.80,0.66,0.28,0.25,0.23,0.37,0.24,0.28,0.31,0.18,0.02,0.10,0.18,0.10,-0.01,0.69,0.91,0.42,0.40,0.37,0.31,0.26,0.59,0.70,0.58,0.51,0.62,1.10,0.71,0.88,0.57,0.54,0.62,0.85,1.22,1.23,0.94,0.74,0.95,5.49,3.39,1.22,0.37,-0.04,-0.01,-0.01,-0.19,-0.27,-0.11,0.05,-0.04,0.07,0.10,0.39,0.50,0.43,0.85,0.89,1.10,0.89,0.68,0.43,0.43,0.43,0.66,0.80,0.61,0.56,0.63,0.90,1.05,1.15,1.54,1.12,1.10,0.85,0.60,0.77,0.58,0.43,0.40,0.43,0.55,0.18,0.17,0.99,0.40,0.35
Мясопродукты,0.70,0.24,0.41,0.29,0.92,0.61,0.34,0.26,0.09,-0.05,-0.11,0.22,0.18,0.09,0.04,0.07,0.68,0.45,0.52,1.35,1.16,1.55,1.16,0.63,0.61,0.90,0.85,1.17,1.45,1.20,1.29,1.46,1.72,2.94,2.03,2.30,1.65,1.79,1.82,2.23,1.97,1.31,0.82,0.66,0.91,0.54,0.12,0.56,0.71,0.53,0.15,0.47,0.65,0.50,0.44,0.58,0.61,0.56,0.47,0.71,0.35,0.41,0.24,0.38,0.35,0.57,0.65,0.86,1.15,1.24,1.03,1.05,0.88,0.81,1.04,1.16,1.84,2.06,1.77,2.37,3.02,2.75,1.97,1.22,1.08,1.75,1.27,0.50,0.51,0.28,0.26,0.44,0.27,0.14,-0.15,-0.12,0.26,0.16,0.04,0.10,0.32,0.49,0.66,0.58,0.69,0.71,0.53,0.91,1.46,0.89,0.69,0.46,0.63,0.37,0.42,0.50,0.80,0.92,0.92,0.88,0.72,0.64,0.43,0.39,0.44,0.57,0.88,0.97,0.85,0.72,0.34,0.37,0.07,-0.30,-0.22,-0.30,0.06,-0.04,0.03,0.19,0.39,0.32,0.23,0.22,0.16,0.29,0.84,1.57,3.09,2.22,1.56,1.88,2.42,1.50,0.61,1.43,3.01,1.84,1.04,0.63,0.29,0.09,0.20,0.25,0.41,0.21,0.00,0.03,0.18,-0.18,0.00,-0.07,0.13,-0.05,0.23,0.39,0.63,0.57,0.41,0.43,0.24,-0.02,-0.19,0.11,0.00,0.03,-0.01,0.05,0.00,-0.01,-0.19,0.08,-0.04,-0.23,-0.24,0.17,0.36,1.00,0.90,0.98,1.36,1.03,1.09,0.96,0.64,0.01,0.10,-0.05,0.39,-0.04,0.35,0.28,0.09,-0.07,-0.04,0.04,-0.13,-0.40,0.73,0.93,-0.29,0.23,0.38,0.35,0.04,0.37,0.38,0.70,0.57,1.07,2.30,0.83,1.13,0.76,0.56,1.08,1.50,1.87,1.25,0.68,0.39,0.32,3.92,2.44,0.68,-0.07,-0.23,-0.27,-0.14,-0.06,-0.28,-0.04,-0.19,-0.25,-0.27,0.30,0.97,1.12,0.93,2.40,2.12,2.00,1.18,0.46,-0.03,0.18,0.44,0.28,0.88,0.37,0.24,0.39,0.45,0.48,0.55,1.63,0.63,0.40,0.40,0.31,1.15,0.43,0.39,0.69,0.80,0.86,0.33,0.24,0.61,-0.01,0.05
Рыбопродукты,1.89,1.74,1.80,1.15,0.73,0.44,0.29,0.27,0.45,0.62,0.86,1.27,1.50,1.51,1.78,1.03,0.61,0.81,0.66,0.28,-0.19,-0.04,0.02,0.37,0.51,0.23,0.10,0.34,0.51,0.60,1.10,1.03,0.94,2.02,1.78,2.10,1.61,1.84,2.10,1.82,1.29,1.17,0.58,0.45,0.29,0.25,0.55,0.49,0.74,1.08,0.94,0.45,0.36,0.11,0.25,0.48,0.56,0.56,0.38,0.75,0.82,0.99,0.85,0.57,0.22,0.35,0.37,0.46,0.72,0.98,0.92,0.97,0.96,0.79,0.54,0.38,0.56,0.73,0.70,1.00,1.69,2.28,2.24,1.99,1.52,3.01,2.61,1.89,1.58,1.14,0.74,0.23,-0.58,-0.90,-0.63,-0.33,0.18,0.74,0.49,-0.21,-0.36,-0.38,-0.08,0.32,0.89,1.05,0.88,0.99,1.17,1.24,1.29,1.17,1.07,0.77,0.38,0.11,0.17,1.09,1.38,0.90,0.55,0.67,0.24,-0.28,-0.05,0.00,0.14,0.21,0.30,0.32,0.22,0.48,0.36,0.09,0.29,0.26,0.49,0.27,0.33,0.61,1.10,0.87,0.77,1.33,0.65,1.12,1.28,0.97,0.80,0.76,0.63,1.24,1.85,1.88,1.86,3.69,6.36,5.31,3.16,1.40,0.09,0.20,0.07,0.29,0.88,1.47,1.13,0.70,0.92,1.33,1.22,1.03,0.93,0.60,0.72,0.19,0.13,0.33,0.31,0.51,0.39,0.21,0.30,0.02,0.04,0.02,-0.02,0.23,0.30,0.53,0.57,0.59,0.31,0.22,0.08,0.13,0.22,0.18,0.26,0.33,0.13,0.22,0.40,0.53,0.65,0.44,0.47,0.42,0.40,0.25,0.31,0.44,0.30,0.32,0.48,0.38,0.23,0.13,0.38,0.72,0.43,0.07,0.14,0.14,0.48,0.66,1.05,1.08,0.76,0.82,1.01,0.72,1.05,1.01,0.64,0.48,0.46,0.98,1.40,1.45,1.11,0.95,5.49,3.07,1.13,0.29,0.18,-0.09,0.24,0.50,0.42,0.33,0.17,0.19,0.49,0.30,0.34,0.29,0.54,0.20,0.44,0.60,0.85,0.75,0.75,0.52,0.61,0.56,0.43,0.40,0.46,0.61,1.65,2.34,2.84,2.64,1.84,1.99,1.65,1.21,0.87,0.66,0.50,0.42,0.28,0.38,0.34,0.33,0.61,0.45,0.50
Масло и жиры,2.43,1.10,0.67,0.40,0.46,0.23,0.12,0.17,0.32,0.15,1.26,1.44,1.64,0.93,0.67,0.32,-0.18,0.14,1.41,1.62,1.22,0.74,0.40,0.17,0.14,0.15,0.02,0.09,0.25,0.17,0.46,0.33,0.39,0.61,0.89,0.91,0.70,0.65,0.65,0.54,0.49,0.34,0.34,0.42,0.37,0.24,0.16,0.19,0.37,0.39,0.35,0.36,0.33,0.14,0.17,0.16,0.11,0.03,0.13,0.22,0.24,0.29,0.30,0.44,0.56,0.83,1.28,2.19,10.59,18.22,3.08,1.12,1.16,1.37,2.97,4.91,3.65,1.93,1.16,0.58,-0.01,-0.36,-0.56,-0.92,-0.51,-1.15,-1.02,-0.90,-1.40,-0.74,-0.86,-0.86,-0.35,-0.23,0.75,1.16,0.97,1.18,0.82,0.42,0.18,0.17,0.38,2.11,4.51,3.42,3.89,3.50,2.41,1.18,0.74,0.39,0.50,0.40,0.24,-0.08,-0.02,0.00,-0.10,-0.09,-0.01,-0.35,-0.50,-0.80,-0.10,0.14,0.29,0.16,1.00,1.95,1.01,0.48,0.45,0.41,0.26,0.36,0.67,0.78,0.89,1.33,1.22,0.71,0.50,0.43,0.38,0.70,0.99,1.15,1.07,0.86,0.64,0.13,0.11,0.28,0.89,2.96,5.32,4.44,2.35,1.07,0.57,0.15,0.36,0.68,1.97,2.05,0.93,0.57,0.73,0.78,0.99,1.21,0.96,0.68,0.83,0.81,0.82,1.64,1.53,1.24,0.91,0.57,0.39,-0.11,-0.27,-0.22,0.11,0.10,0.27,0.19,0.03,0.38,0.18,0.06,0.05,-0.22,-0.07,0.02,0.07,0.28,0.42,0.61,0.73,0.89,0.43,0.38,0.26,0.15,0.56,0.28,0.35,0.32,0.53,0.68,0.47,0.58,0.18,0.02,0.87,0.65,0.38,0.47,0.23,0.29,0.99,2.49,2.98,0.95,0.23,0.44,0.81,0.78,1.02,0.47,0.33,0.57,0.67,1.06,2.03,2.24,1.17,1.60,6.06,4.21,1.18,0.36,-0.62,-0.62,0.01,-0.30,-0.95,-0.16,0.14,-0.43,0.08,-0.29,-0.72,-0.37,-0.86,0.42,1.01,1.31,1.10,1.07,1.32,0.75,0.60,1.11,0.84,0.90,1.43,2.26,3.56,4.87,4.12,3.35,1.37,0.68,0.11,-0.33,-0.62,-0.67,-0.47,-0.51,-0.42,0.04,-0.39,-0.39,-0.08,-1.06,-0.84
Молоко и молочная продукция,0.23,0.22,0.22,0.16,0.28,0.41,0.54,0.60,0.60,0.67,0.90,0.99,0.90,0.88,1.01,1.12,1.00,0.95,0.98,1.04,1.27,1.28,1.17,0.98,0.97,1.10,0.91,1.04,1.07,1.10,1.11,1.10,0.91,1.10,1.19,1.21,0.97,0.90,1.04,1.00,1.03,1.01,0.89,0.89,1.02,0.83,0.65,0.59,0.89,0.99,0.96,0.86,0.79,0.73,0.75,0.65,0.53,0.38,0.38,0.58,0.41,0.44,0.65,0.87,1.01,1.07,1.13,2.12,6.81,8.44,2.66,1.62,1.64,1.56,1.39,1.23,1.11,1.06,0.93,0.85,0.72,0.64,0.41,0.13,0.33,0.28,0.03,0.09,-0.49,-0.10,0.14,0.27,0.05,0.22,0.56,0.85,1.11,1.06,0.78,0.46,0.42,0.47,0.60,3.51,3.13,2.11,1.19,0.72,0.93,0.75,0.55,0.38,0.57,0.50,0.46,0.40,0.56,0.50,0.34,0.14,0.20,-0.10,0.14,0.21,0.41,0.44,0.54,0.53,0.45,0.64,0.50,0.41,0.26,0.44,0.33,0.49,0.71,0.78,1.32,1.54,2.60,1.69,1.16,1.11,0.90,1.40,2.45,1.97,1.35,0.99,0.77,0.56,0.73,0.75,0.51,1.16,2.16,2.60,1.15,0.88,0.82,0.55,0.57,0.56,0.29,0.21,0.52,0.68,0.63,0.49,0.68,0.70,0.68,0.61,0.70,0.70,0.76,1.24,0.93,1.02,0.74,0.52,0.60,0.68,0.67,0.58,0.50,0.29,0.16,0.08,0.20,0.03,0.11,0.06,0.14,0.11,0.28,0.32,0.40,0.36,0.23,0.21,0.20,0.43,0.43,0.43,0.49,0.51,0.71,0.87,0.91,0.68,0.52,0.07,0.19,0.13,0.20,0.37,0.45,0.64,0.59,0.47,0.36,0.43,-0.10,-0.02,0.11,0.00,0.21,0.19,0.39,0.38,0.87,0.91,0.93,0.79,1.08,1.13,1.22,1.33,1.14,1.92,4.67,4.40,1.87,0.61,0.23,0.16,-0.05,-0.26,-0.17,-0.08,-0.01,-0.04,-0.01,-0.06,0.02,0.10,0.12,0.03,-0.08,0.03,0.19,0.22,0.58,0.46,0.62,1.00,0.90,0.77,0.77,1.24,2.54,1.98,2.16,1.69,1.09,1.50,1.13,0.69,0.67,0.93,0.41,0.41,0.01,0.10,-0.23,-0.29,0.29,-0.58,-0.28
Сыр,0.29,-0.13,-0.33,-0.36,-0.28,-0.08,-0.57,-0.45,0.09,0.34,1.04,1.29,2.56,1.92,1.25,1.11,0.77,0.25,-0.57,0.11,0.75,0.58,0.35,0.14,0.24,0.31,0.41,0.80,1.08,1.19,1.03,0.44,0.04,0.38,0.42,1.50,1.70,1.60,1.71,1.92,2.13,1.54,1.04,0.42,-0.06,-0.25,-0.13,-0.18,-0.18,0.31,0.50,0.85,1.41,1.21,1.00,0.56,-0.24,-0.61,-0.54,-0.12,-0.10,0.10,0.56,1.28,1.65,1.84,2.53,2.98,11.37,20.52,3.94,0.61,0.14,0.08,-0.34,-1.66,-1.99,-0.74,0.10,-0.36,-0.60,-0.40,-0.55,-0.56,-0.21,1.10,0.38,0.25,-0.34,-0.29,-0.30,-0.49,-1.08,-0.60,0.23,2.34,1.80,3.24,3.16,2.29,1.18,0.13,0.37,1.87,2.25,1.14,0.54,0.37,0.12,-0.27,0.06,0.33,0.31,0.27,0.67,0.19,0.07,1.03,0.41,0.21,-0.55,-0.62,-0.21,0.28,0.85,0.69,0.79,0.21,-0.07,-0.07,-0.08,-0.13,-0.38,-0.38,0.06,0.95,1.62,1.90,2.32,2.49,2.64,1.94,2.07,1.47,0.75,0.88,1.33,1.37,1.50,1.12,0.65,1.18,1.72,1.31,1.81,3.18,4.63,2.90,0.78,-0.43,-0.84,0.01,0.21,0.39,0.58,0.35,0.04,-0.15,-0.04,0.04,0.88,1.26,1.24,1.24,1.06,0.84,0.36,0.66,0.95,0.96,1.07,0.70,0.44,0.30,0.04,0.10,0.42,0.36,0.23,0.39,-0.30,-0.09,0.04,-0.22,-0.11,0.12,0.25,0.84,0.78,0.45,0.45,0.29,0.54,0.63,0.63,0.23,0.33,0.55,0.61,0.65,0.84,0.88,0.49,0.69,0.44,0.34,0.30,0.42,0.67,0.72,0.59,0.63,0.44,0.41,0.27,0.09,0.40,-0.04,0.17,0.53,0.44,0.42,0.62,0.45,0.82,0.76,0.74,0.76,1.15,0.94,1.13,1.53,4.77,3.62,2.63,1.00,0.25,0.51,0.04,-0.48,-0.36,-0.05,-0.05,0.47,0.01,0.30,0.31,-0.08,-0.07,-0.08,0.45,0.10,0.33,0.61,0.69,0.11,0.82,0.75,0.63,0.51,0.60,0.80,1.36,2.01,2.49,2.38,1.53,1.31,1.17,0.53,0.67,0.61,0.50,0.37,0.28,0.40,-0.56,-0.70,0.18,-0.46,-0.65
Яйца,2.09,-0.91,-5.88,-2.09,7.86,1.57,-1.48,2.83,2.82,-3.14,1.65,1.58,2.50,-1.69,-4.44,0.56,3.55,-0.99,2.77,-2.63,2.49,5.75,1.26,1.53,1.30,1.36,3.36,2.18,-1.08,2.49,0.79,0.78,-0.33,8.33,7.49,-0.50,-1.95,-5.59,-1.77,7.19,0.53,-5.75,1.01,-2.64,-1.81,0.80,-1.08,-2.75,-0.34,2.88,0.93,-0.56,3.31,-0.61,-2.10,3.94,0.36,-3.12,1.99,3.89,1.16,2.20,3.95,-0.20,-2.80,-0.42,9.81,4.45,0.82,13.01,-4.45,-0.44,2.64,2.63,-1.23,4.01,2.82,-1.31,-1.87,-2.09,2.78,9.02,-0.98,-2.64,-2.68,-2.24,-2.45,1.26,0.20,0.53,2.87,1.12,-2.46,-5.24,-2.56,-3.46,-0.01,4.59,8.55,-2.08,-5.18,-1.82,-2.48,-2.75,27.73,-6.38,-2.61,-1.00,1.35,-1.64,2.49,3.69,-5.88,-3.45,2.75,7.71,3.77,-3.38,-1.69,0.90,0.22,1.37,5.70,-0.18,-7.00,2.39,1.55,-0.81,2.96,-2.78,-0.60,2.46,0.72,1.95,-1.12,1.89,4.49,-2.59,0.70,6.42,1.69,10.77,6.74,-5.34,-6.07,-5.06,1.64,-3.28,-1.36,9.32,12.98,-5.27,-2.51,-5.38,3.12,8.66,6.70,2.79,-1.53,-2.04,-2.06,2.13,-1.76,-0.40,0.46,3.54,1.03,0.92,2.01,0.07,-3.21,-3.41,1.75,-0.94,3.62,-0.22,0.30,1.76,-0.39,-1.73,-0.27,-0.67,-2.73,-2.74,-1.01,3.79,-2.12,-3.11,-2.48,1.11,-2.77,-1.86,0.53,1.99,4.08,1.17,1.64,2.53,-1.65,-0.82,6.87,0.32,-1.97,9.10,1.59,-3.24,-4.15,-0.83,0.12,1.33,1.51,5.84,-2.65,-3.87,-0.62,0.38,-2.12,-4.28,0.91,7.18,4.73,-0.28,2.68,-0.41,-2.56,-0.39,2.74,6.80,0.51,3.58,3.82,6.47,2.20,-5.51,0.44,-2.72,1.99,5.46,1.42,-1.94,-2.18,0.74,3.33,-1.22,-3.16,3.31,-1.77,0.52,-0.59,0.29,-2.59,-3.05,0.51,3.25,2.10,-1.04,1.85,4.76,4.52,1.89,4.14,5.92,10.20,11.37,-0.96,-0.17,-3.66,-0.30,3.68,1.93,-0.87,-0.89,-3.51,-4.93,-1.25,-0.19,1.27,-1.97,-5.39,-6.13,2.52,-1.92,-2.58,-0.29,0.84,0.27,-3.17,-4.79,1.84,9.08,8.38
Сахар,-1.37,-1.87,-1.51,0.22,1.66,0.21,14.81,-3.03,2.13,8.04,6.60,2.59,-1.44,1.35,0.84,1.02,-0.44,-1.39,-2.93,-2.39,0.04,-0.63,-2.76,3.14,-1.81,-1.48,0.24,2.23,1.47,-0.02,6.30,-0.34,1.41,1.24,-0.58,-1.13,-4.06,-2.00,-0.16,1.55,1.16,1.23,0.75,-1.51,0.84,2.17,0.77,-0.64,6.94,28.25,2.62,-6.06,-3.52,-1.50,5.15,-0.93,0.30,-6.16,-4.57,-2.23,-4.46,-3.21,-2.73,0.66,0.61,1.00,-1.29,5.35,0.15,1.32,-0.18,-1.27,-1.41,1.80,1.60,2.32,7.52,0.91,-3.89,-2.12,0.60,0.95,0.00,-1.10,7.70,6.86,5.78,1.44,-0.16,0.15,-2.32,4.62,14.09,-1.82,0.88,0.08,4.66,1.79,-2.29,-4.22,-4.19,-2.61,3.94,3.09,8.59,3.57,6.02,3.11,3.75,-0.12,-2.75,-3.35,-3.20,-2.66,-0.88,-3.12,-6.91,-2.98,-3.11,-3.34,-3.25,1.99,4.87,2.57,0.24,0.65,0.06,0.24,-2.22,0.40,-0.20,0.71,-3.17,-1.86,-1.38,3.15,2.72,0.70,-2.45,2.85,4.56,0.78,-1.29,-1.68,-4.11,0.12,7.21,4.39,2.16,3.62,-0.97,-0.51,-0.71,0.37,10.00,13.96,15.04,-0.37,-3.43,-1.56,-1.43,-1.92,-1.12,5.23,4.20,0.96,-0.92,-1.18,-1.05,1.38,-1.14,-0.67,-0.78,2.12,1.95,0.37,-2.97,-0.38,-1.39,-3.47,-5.73,-5.10,-3.31,0.56,0.41,3.46,4.08,-3.47,-6.84,-3.43,-4.44,-2.23,-0.30,-0.29,-1.06,2.16,5.20,5.23,0.50,-1.34,1.94,3.77,5.51,4.25,1.66,-0.82,-3.04,-2.66,-2.19,-2.49,-3.87,-3.69,-3.61,-6.18,-7.43,-1.60,-0.69,-0.45,10.85,5.49,-1.00,-0.19,2.62,3.09,8.56,16.98,9.36,-1.96,-1.01,-0.47,-0.28,0.33,-0.10,1.39,0.87,0.77,1.40,0.90,3.64,4.39,3.19,2.53,40.65,-1.34,-3.67,-6.91,-3.13,2.72,-3.29,-4.72,-3.40,-2.67,-0.93,0.05,-1.04,0.57,5.59,5.22,4.79,1.45,-0.12,-1.63,-2.45,-0.82,0.13,0.70,-0.06,0.61,-0.13,2.14,1.95,-0.13,-2.64,-1.65,0.15,2.59,1.15,0.63,-2.46,-1.55,-0.35,-0.84,-0.46,0.27,1.27,-2.76,-1.39,-0.02,0.21,1.50,0.22
Кондитерские изделия,1.02,0.57,0.47,0.41,0.41,0.36,0.31,0.55,0.68,0.83,1.46,1.51,1.29,1.05,0.84,0.69,0.71,0.71,0.83,0.72,0.71,1.07,0.88,0.95,0.67,0.66,0.57,0.56,0.45,0.44,0.49,0.49,0.56,0.82,0.88,1.05,0.78,0.61,0.60,0.54,0.37,0.30,0.25,0.35,0.49,0.55,0.68,0.69,0.57,0.76,1.55,0.86,0.67,0.46,0.46,0.46,0.59,0.77,0.73,0.84,0.59,0.50,0.63,0.48,0.45,0.48,0.74,1.00,1.33,2.03,1.67,1.48,1.17,1.51,1.88,2.10,1.97,1.71,1.39,1.70,1.86,2.06,2.03,1.85,1.25,1.58,1.78,1.18,0.89,0.53,0.50,0.41,0.44,0.57,0.56,0.52,0.44,0.57,0.41,0.41,0.31,0.25,0.22,0.34,0.72,0.85,0.83,1.06,1.02,1.13,1.26,1.07,1.03,0.69,0.54,0.38,0.76,0.83,0.71,0.59,0.34,0.45,0.78,0.50,0.35,0.29,0.36,0.51,0.58,0.59,0.59,0.56,0.52,0.48,0.41,0.64,0.53,0.33,0.39,0.25,0.41,0.54,0.65,0.61,0.35,0.46,0.57,1.00,0.96,0.72,0.60,0.55,0.89,1.13,1.51,1.65,3.55,4.11,2.60,1.89,1.85,1.12,0.70,0.73,1.16,1.94,1.45,0.82,0.71,0.72,0.86,0.64,0.97,0.73,0.47,0.33,0.33,0.29,0.27,0.34,0.19,0.13,0.14,0.12,0.08,0.10,0.07,-0.03,0.07,0.14,-0.02,0.01,0.14,0.10,-0.08,0.15,0.00,-0.02,0.08,0.17,0.09,0.19,0.49,0.51,0.76,1.01,0.70,0.66,0.36,0.36,0.13,0.06,0.19,0.20,0.27,0.23,0.14,0.16,0.20,0.38,0.60,0.66,0.35,0.20,0.37,0.26,0.60,0.55,0.52,0.24,0.50,0.75,0.92,0.97,0.74,0.74,0.60,0.99,1.45,1.14,0.82,1.58,7.45,5.62,2.16,1.39,0.45,0.05,0.37,-0.19,0.15,0.01,0.25,0.08,-0.06,-0.13,0.20,0.13,0.01,0.12,0.17,0.53,0.86,0.59,0.90,0.66,0.60,1.07,1.03,0.59,0.40,0.48,0.76,1.25,1.30,1.57,1.18,1.48,1.15,1.09,0.68,0.84,0.47,0.24,0.30,0.55,0.53,0.44,1.10,0.36,0.27
"Чай, кофе",0.74,0.53,0.60,0.50,0.45,0.45,0.28,0.24,0.16,0.47,0.44,0.59,0.69,0.79,0.49,0.60,0.42,0.38,0.26,0.29,0.31,0.53,0.35,0.55,0.36,0.42,0.34,0.22,0.32,0.42,0.27,0.29,0.37,0.52,0.43,0.46,0.54,0.73,0.78,0.68,0.42,0.38,0.52,0.55,0.47,0.49,0.46,0.45,0.51,0.68,0.86,0.43,0.45,0.40,0.53,0.46,0.46,0.45,0.44,0.33,0.37,0.52,0.53,0.46,0.55,0.66,0.66,0.66,0.83,1.00,0.89,0.73,0.89,1.10,1.17,1.47,1.42,1.04,1.05,0.94,1.25,1.36,1.33,1.31,1.34,4.41,4.37,2.65,1.67,0.81,0.80,0.60,0.46,0.24,0.28,0.39,0.40,0.32,0.12,0.30,0.15,0.08,0.13,0.23,0.31,0.47,0.46,0.45,0.71,0.77,0.74,0.72,1.05,0.92,0.75,0.85,0.96,1.08,0.89,0.66,0.44,0.75,0.92,0.60,0.44,0.37,0.44,0.21,0.28,0.38,0.21,0.47,0.45,0.33,0.35,0.46,0.48,0.25,0.25,0.21,0.18,0.27,0.30,0.22,0.29,0.38,0.73,0.80,1.06,1.10,0.87,0.64,0.99,0.76,1.47,2.19,5.94,6.41,4.08,3.69,1.54,0.75,0.57,0.61,0.86,1.12,0.88,0.82,0.64,1.65,2.05,1.72,1.16,0.69,0.28,0.45,0.38,0.26,0.52,0.51,0.32,0.19,0.31,0.03,-0.13,0.01,-0.04,0.05,0.21,-0.20,-0.24,0.18,0.12,0.12,0.02,0.21,0.34,0.09,0.09,0.00,0.22,0.20,0.02,0.12,0.57,0.37,0.41,0.37,0.10,0.18,-0.17,-0.26,-0.17,0.13,0.14,0.22,0.01,0.07,0.50,0.46,1.17,0.81,0.40,0.12,0.39,0.31,0.36,0.25,0.74,0.40,0.78,0.19,0.45,0.27,0.00,-0.08,0.37,0.62,0.90,0.69,0.25,1.28,10.79,7.02,2.79,0.77,-0.68,-0.07,-0.12,-0.66,-0.19,-0.01,-0.14,-1.14,0.38,-0.33,-0.50,-0.20,0.04,0.35,0.49,0.58,0.34,0.08,-0.15,-0.16,-0.08,0.80,0.62,0.47,0.33,0.69,0.12,0.87,0.64,1.20,0.95,1.89,2.26,1.76,0.88,0.97,0.80,0.94,0.30,1.12,0.98,0.23,0.83,-0.26,-0.38
Хлеб и хлебобулочные изделия,0.40,0.44,0.39,0.24,0.26,0.46,0.60,0.32,0.52,0.32,0.43,0.38,0.87,0.97,0.63,1.31,2.72,4.85,2.17,1.23,3.06,5.29,2.36,1.50,4.46,3.01,1.43,2.20,1.17,0.67,0.38,0.22,0.48,0.75,0.44,0.44,0.43,0.43,0.31,0.11,0.17,0.11,0.13,0.22,0.27,0.17,0.24,0.36,0.48,1.57,2.49,1.09,0.34,0.21,0.22,0.39,0.61,1.27,1.19,0.69,0.89,0.64,0.64,0.50,0.40,1.56,7.15,5.24,1.64,1.02,0.36,0.59,1.52,2.23,4.34,6.43,2.78,1.90,1.44,0.93,0.73,0.53,0.37,0.23,0.33,0.50,0.48,0.30,0.18,0.09,0.07,0.10,0.08,0.15,0.13,0.01,0.13,0.23,0.25,0.14,0.06,0.09,0.06,2.07,1.51,0.59,0.80,1.40,2.13,1.96,1.12,0.80,0.71,0.63,0.29,0.23,0.19,0.25,0.13,0.13,0.21,0.21,0.20,0.32,0.24,0.28,0.93,2.23,2.14,1.90,1.82,1.00,1.07,1.68,1.36,0.79,0.40,0.48,0.28,0.30,0.48,0.26,0.31,0.30,0.25,0.39,0.40,0.46,0.51,0.68,0.69,0.49,0.28,0.50,0.72,1.92,3.59,2.63,1.45,0.82,0.54,0.40,0.30,0.26,0.44,0.64,0.68,0.73,0.48,0.43,0.71,0.80,0.67,0.39,0.41,0.36,0.46,0.29,0.35,0.38,0.32,0.30,0.33,0.34,0.14,0.21,0.07,0.24,0.19,0.16,0.19,0.21,0.26,0.11,0.09,0.11,0.28,0.30,0.27,0.32,0.50,0.93,0.78,1.11,0.84,0.96,0.86,0.76,0.61,0.32,0.38,0.33,0.28,0.24,0.13,0.43,0.32,0.31,0.53,0.45,0.51,0.85,0.52,0.53,0.49,0.73,0.92,0.92,0.46,0.48,0.58,0.81,0.66,0.55,0.43,0.55,0.56,1.42,1.97,1.35,0.81,1.01,3.98,3.18,1.31,0.75,0.22,0.26,0.39,0.09,0.12,0.20,0.04,0.11,0.11,0.28,0.03,0.05,0.00,0.16,0.84,1.52,1.28,0.72,0.70,0.45,0.36,1.11,1.45,0.98,1.08,0.99,1.37,1.30,1.30,1.41,0.95,1.04,1.40,1.17,0.79,0.82,0.82,0.46,0.71,0.94,0.71,0.79,1.00,0.81,0.78
Макаронные и крупяные изделия,0.37,1.33,1.17,0.77,0.68,0.55,0.69,0.71,0.58,0.61,5.49,1.91,1.35,1.71,1.84,1.21,0.93,1.13,1.33,0.96,0.70,1.24,1.09,0.78,1.01,2.03,2.33,1.68,0.99,0.59,0.40,0.78,1.28,0.61,0.41,0.26,0.12,-0.01,-0.04,-0.17,-0.10,0.18,0.58,0.34,0.23,0.01,-0.12,-0.02,0.33,1.34,2.20,1.41,0.65,0.21,0.32,0.47,0.49,0.07,0.01,0.89,1.45,1.17,0.72,0.86,0.56,0.53,3.07,3.51,2.25,2.97,3.07,1.80,1.36,1.80,3.83,4.18,4.88,4.87,2.74,1.74,0.62,0.13,-0.02,-0.06,0.44,1.42,1.92,0.54,-0.33,-0.67,-0.75,-0.08,0.05,-0.77,-1.34,-1.19,-0.21,0.93,0.43,0.13,-0.58,0.93,2.30,8.89,8.12,3.39,2.70,5.40,4.59,3.61,3.56,2.19,0.55,-0.66,-0.66,-1.46,-7.37,-4.39,-1.57,-1.91,-0.93,-1.43,-1.47,-1.50,-1.39,-0.64,0.15,1.67,1.35,1.02,0.91,0.71,0.90,1.43,0.71,0.37,0.15,0.15,0.17,0.17,0.43,-0.17,-0.43,-0.12,-0.16,-0.05,0.55,0.97,0.94,0.71,0.51,0.23,0.14,0.11,9.85,8.77,6.79,4.77,2.11,0.13,-0.75,-0.90,-0.32,0.96,1.09,1.23,0.57,0.28,0.25,0.47,1.39,1.67,1.99,1.42,0.89,0.59,-0.62,-1.53,-0.57,-0.25,-0.11,-0.30,-1.10,-1.09,-1.01,-1.13,-0.57,-0.74,-0.80,-0.82,-0.86,-0.84,-0.74,-0.74,-0.60,-0.57,-0.44,0.21,0.32,-0.06,0.33,1.18,1.29,1.12,1.05,1.53,1.35,0.90,1.00,0.60,0.51,0.43,0.54,1.15,1.36,0.79,0.07,0.25,2.74,5.25,3.49,1.84,0.31,-0.04,-0.19,0.84,1.03,0.72,0.68,0.59,0.77,1.04,0.85,0.61,0.70,0.42,0.75,2.09,3.38,2.87,1.81,1.33,9.24,5.51,1.11,-0.05,-1.09,-1.26,-1.22,-1.79,-1.28,-1.22,-1.39,-1.39,-0.60,-0.89,-0.51,-0.37,-0.25,0.12,0.24,0.99,0.50,0.47,0.23,0.08,0.22,-0.04,0.18,0.22,0.33,0.31,0.18,0.51,0.20,0.80,0.14,0.25,-0.17,-0.05,-0.44,0.00,-0.34,-0.41,0.09,0.19,0.08,-0.23,0.23,-0.14,-0.16
"Плодоовощная продукция, включая картофель",7.27,-0.40,-1.15,4.09,12.34,-3.14,-0.92,2.28,0.01,1.88,3.57,4.22,4.35,0.33,0.77,2.08,0.12,0.65,0.32,-5.75,-1.49,-2.82,-1.39,-1.11,-2.31,-2.30,-0.42,-2.42,-3.04,2.94,3.51,6.52,0.82,0.17,-0.19,0.42,-2.27,1.89,7.62,3.60,1.46,1.40,0.20,-1.02,-2.29,0.28,2.06,0.86,3.72,7.96,0.01,-1.86,-0.13,-2.52,4.82,2.23,-1.87,-1.67,0.31,-0.86,-2.71,-0.56,0.09,1.58,4.70,9.81,4.20,-4.75,0.16,3.13,3.77,1.26,1.40,1.06,2.83,4.09,3.32,-1.57,-4.27,0.42,2.19,1.61,-1.14,-2.42,-1.91,0.91,1.63,-1.23,1.10,1.93,6.06,0.46,-3.80,-4.43,-1.19,-1.20,0.51,1.68,1.64,0.16,4.29,2.72,2.41,10.97,8.29,-0.41,1.78,4.14,4.33,-0.99,-0.91,-2.41,-4.07,-4.75,-6.07,-5.47,-2.87,1.35,-3.16,-2.89,-3.47,-1.44,0.63,-1.28,3.16,11.65,7.28,0.32,1.32,-1.72,-3.50,-1.90,0.99,-0.78,-1.75,2.65,4.07,1.86,0.94,-0.32,-1.31,3.63,0.33,-1.72,-0.48,1.44,3.57,1.36,0.47,-3.32,-3.84,0.20,5.11,2.39,5.55,7.64,14.84,3.43,-0.17,-4.50,-2.50,-5.20,0.43,0.92,3.70,2.17,2.42,1.61,-0.04,-1.28,-2.45,-1.15,-0.79,-1.15,0.69,1.79,0.23,1.58,-0.71,-3.80,-0.69,-2.81,-0.80,3.34,4.59,8.31,-3.38,-5.67,-1.44,1.68,-1.06,-0.27,-1.91,-0.49,3.15,1.11,-2.13,0.91,0.08,4.11,-1.54,-2.19,0.04,3.68,0.32,1.10,1.27,0.29,1.46,-3.77,1.40,-0.24,-1.25,-0.83,-0.75,-1.17,-0.24,1.38,1.87,6.28,-0.56,0.70,3.08,1.51,-1.51,-1.86,2.21,3.20,-1.21,1.58,-2.01,-0.31,3.04,3.68,-1.34,1.22,6.50,6.67,-3.00,-1.44,0.36,1.63,14.05,-1.53,-1.77,-8.12,-6.16,-2.77,0.07,1.46,1.41,0.71,4.76,2.69,0.08,0.52,-3.09,-0.76,7.82,3.43,4.49,-0.04,1.13,0.97,1.00,-0.68,-1.92,-1.55,0.04,3.60,5.60,5.49,-0.11,-0.52,5.58,3.87,-3.29,-1.29,0.43,0.45,-1.05,-0.36,-1.66,-1.15,0.58,2.07,-0.50,-3.18,2.36,0.06,0.21
Алкогольные напитки,1.72,1.00,0.58,0.63,0.64,0.65,0.51,0.54,0.51,0.48,0.49,0.82,1.90,1.11,0.90,0.51,0.45,0.68,0.45,0.54,0.55,0.65,0.78,0.98,1.44,1.23,0.75,0.77,0.65,0.46,0.49,0.36,0.47,0.56,0.45,0.77,0.95,0.85,0.80,0.63,0.61,0.49,0.51,0.47,0.50,0.40,0.55,0.59,0.69,0.72,0.80,0.62,0.65,0.50,0.89,1.17,1.11,0.85,0.97,0.71,0.73,0.64,0.58,0.51,0.47,0.46,0.57,0.53,0.64,0.76,0.80,0.73,0.89,0.98,1.08,1.04,1.03,0.83,0.64,0.59,0.70,0.99,0.80,0.84,0.93,1.37,1.58,1.12,0.95,0.57,0.36,0.31,0.26,0.27,0.44,0.45,1.35,1.17,1.09,0.76,0.77,0.44,0.36,0.38,0.39,0.47,0.36,0.43,1.16,0.85,0.67,0.74,0.72,0.55,0.46,0.36,0.63,0.50,0.71,0.74,0.98,1.02,0.96,0.74,0.64,0.63,2.17,1.17,0.96,0.82,0.57,0.82,4.89,2.03,1.43,0.97,0.79,0.75,0.54,0.45,0.48,0.61,0.46,0.38,1.58,1.95,2.34,1.23,1.18,0.81,0.61,1.07,0.56,0.46,0.46,0.70,1.87,1.29,1.72,1.17,0.58,0.71,0.52,0.38,0.61,0.51,0.52,0.36,0.45,0.72,0.93,0.77,0.43,0.57,0.54,0.42,0.41,0.35,0.32,0.28,0.51,0.29,0.63,0.29,0.42,0.11,0.10,0.08,0.10,0.14,0.15,0.03,0.08,0.15,0.14,0.15,0.13,0.11,0.01,0.14,0.07,0.14,0.05,0.16,0.64,0.03,0.18,0.17,0.12,0.08,-0.03,-0.04,0.00,-0.06,0.04,0.09,0.46,0.45,0.53,0.36,0.31,0.21,0.10,0.05,0.08,0.02,0.03,0.18,0.62,0.09,0.48,0.13,0.34,0.12,0.06,0.08,-0.01,0.33,0.03,0.27,0.73,0.69,3.77,2.00,1.05,0.21,0.18,-0.04,0.16,-0.22,-0.58,-0.04,0.59,0.09,0.43,0.20,0.17,0.31,-0.01,0.23,0.07,0.29,0.01,0.09,0.46,0.75,0.70,0.85,0.56,0.79,0.98,0.39,0.75,0.51,0.44,0.82,2.10,2.21,1.44,1.28,0.79,0.98,0.57,0.22,0.17,0.38,0.00,0.47,2.96,1.55,0.90
Общественное питание,2.99,2.58,1.85,1.68,2.80,1.19,0.38,0.81,0.75,0.90,1.59,1.71,2.89,1.69,1.93,1.56,1.87,1.05,0.62,0.41,0.88,0.98,0.99,1.30,1.27,1.42,1.66,0.99,1.38,1.13,0.99,0.60,0.71,2.12,1.47,1.53,1.52,1.50,2.35,1.66,1.38,1.28,0.39,1.11,0.17,0.77,1.10,0.97,1.50,1.64,1.49,1.78,1.07,0.88,0.78,0.79,0.21,0.70,1.11,1.37,0.89,1.23,0.85,0.75,0.73,0.71,0.77,0.66,0.75,2.18,1.73,1.15,1.70,1.68,1.72,1.64,2.00,1.26,0.88,0.68,0.95,1.33,1.24,1.31,1.36,1.36,0.95,0.99,0.77,0.38,0.50,0.26,0.21,0.22,0.42,0.49,0.58,0.51,0.78,0.53,0.70,0.34,0.41,0.61,0.97,0.73,1.01,0.77,1.33,1.19,0.94,0.80,0.56,0.24,0.35,-0.18,-0.08,0.37,0.66,0.39,0.62,0.60,0.49,0.39,0.55,0.66,0.43,0.42,0.51,0.56,0.41,0.70,0.71,0.52,0.80,0.32,0.46,0.60,0.46,0.45,0.61,0.41,0.50,0.42,0.32,0.51,0.59,0.82,0.65,0.54,0.46,0.22,0.75,0.84,1.05,1.10,2.40,1.50,1.06,1.00,0.48,0.50,0.44,0.53,0.52,0.27,0.81,0.51,0.75,0.51,0.46,0.39,0.41,0.41,0.42,0.27,0.36,0.30,0.31,0.30,0.00,0.25,0.22,0.26,0.29,0.20,0.16,0.24,0.15,0.10,0.01,0.10,0.16,0.15,0.13,0.11,0.23,0.36,0.20,0.33,0.23,0.40,0.29,0.24,0.43,0.27,0.26,0.19,0.21,0.34,0.12,0.20,0.66,0.10,0.21,0.14,0.05,-0.17,0.16,0.30,0.21,0.14,0.11,0.33,0.20,0.32,0.28,0.39,0.32,0.58,0.62,0.34,0.88,0.64,0.47,0.45,0.55,0.56,1.02,0.46,0.64,0.47,4.74,3.00,1.02,0.48,0.45,0.43,0.29,0.53,0.40,0.27,0.35,0.37,0.33,0.36,0.54,0.45,0.39,0.44,0.74,2.05,1.28,0.84,0.82,0.77,0.65,0.83,0.61,0.72,0.49,0.57,0.73,1.08,0.96,1.13,1.19,0.92,1.26,0.97,0.92,0.86,1.12,0.58,0.88,0.88,0.64,0.68,1.35,0.74,0.86
Непродовольственные товары,1.19,0.81,0.67,0.83,1.28,1.31,0.77,0.73,0.73,0.69,0.66,0.64,1.07,0.93,0.80,0.68,0.67,0.71,0.67,0.64,0.73,0.72,0.62,0.55,0.52,0.47,0.43,0.63,0.84,0.82,0.73,0.58,0.75,0.53,0.49,0.33,0.38,0.39,0.37,0.55,0.51,0.46,0.60,0.59,0.96,0.51,0.47,0.44,0.43,0.47,0.39,0.31,0.48,0.48,0.56,0.82,0.64,0.43,0.41,0.43,0.43,0.36,0.35,0.43,0.42,0.45,0.53,0.66,0.65,0.66,0.71,0.72,0.65,0.61,0.70,0.90,0.85,0.88,0.85,0.63,0.56,0.62,0.34,0.11,0.75,1.62,1.38,1.00,0.71,0.92,0.75,0.68,0.54,0.39,0.30,0.21,0.26,0.33,0.34,0.35,0.48,0.35,0.41,0.42,0.46,0.45,0.53,0.49,0.90,0.35,0.44,0.49,0.88,0.55,0.44,0.57,0.54,0.53,0.44,0.32,0.47,0.36,0.42,0.42,0.44,0.36,0.46,0.44,0.56,0.52,0.32,0.27,0.44,0.47,0.37,0.36,0.31,0.32,0.28,0.56,0.42,0.33,0.32,0.22,0.30,0.43,0.64,0.65,0.52,0.49,0.54,0.50,0.44,0.49,0.53,2.26,3.23,2.08,1.39,0.88,0.59,0.45,0.59,0.77,0.98,0.85,0.63,0.45,0.69,0.79,0.78,0.62,0.47,0.57,0.48,0.41,0.46,0.41,0.35,0.31,0.49,0.21,0.19,0.18,0.20,0.21,0.19,0.13,0.15,0.18,0.25,0.32,0.32,0.14,0.14,0.39,0.93,0.51,0.22,0.21,0.27,0.34,0.32,0.25,0.65,0.27,0.23,0.21,0.26,0.26,0.26,0.16,0.10,0.21,0.17,0.15,0.25,0.08,0.46,0.47,0.31,0.44,0.36,0.37,0.46,0.57,0.52,0.40,0.55,0.61,0.70,0.69,0.81,0.78,0.83,0.75,0.55,0.68,0.67,0.64,0.69,0.81,11.24,0.56,-0.02,-0.30,-0.38,-0.10,0.05,-0.06,0.01,0.04,0.30,0.04,0.19,0.24,0.44,0.48,0.84,0.94,0.85,0.45,0.57,0.47,0.56,0.37,0.32,0.50,0.58,0.37,0.52,0.41,0.39,0.57,0.53,0.85,0.52,0.36,0.17,0.01,0.01,0.06,0.14,0.23,0.34,0.54,0.18,0.40,0.72,0.38,0.49
- без нефтепродуктов,1.30,0.95,0.82,0.83,0.86,0.83,0.74,0.76,0.76,0.70,0.68,0.67,0.87,0.83,0.76,0.73,0.74,0.75,0.67,0.62,0.61,0.68,0.64,0.56,0.52,0.49,0.45,0.56,0.67,0.55,0.64,0.52,0.47,0.46,0.39,0.43,0.49,0.43,0.38,0.41,0.47,0.49,0.52,0.51,0.58,0.52,0.48,0.47,0.45,0.42,0.38,0.33,0.49,0.50,0.53,0.54,0.51,0.49,0.47,0.47,0.46,0.42,0.38,0.44,0.39,0.46,0.55,0.62,0.68,0.70,0.61,0.53,0.59,0.65,0.64,0.67,0.68,0.63,0.63,0.67,0.72,0.83,0.78,0.61,1.06,1.81,1.61,1.14,0.83,0.52,0.41,0.51,0.43,0.43,0.32,0.35,0.38,0.33,0.33,0.30,0.41,0.35,0.38,0.42,0.48,0.45,0.45,0.42,0.64,0.52,0.54,0.47,0.49,0.46,0.44,0.46,0.54,0.51,0.40,0.37,0.53,0.41,0.45,0.41,0.37,0.37,0.49,0.43,0.45,0.37,0.31,0.30,0.43,0.42,0.35,0.42,0.38,0.37,0.29,0.34,0.33,0.33,0.34,0.27,0.34,0.43,0.57,0.64,0.52,0.49,0.44,0.40,0.40,0.44,0.51,2.57,3.58,2.34,1.50,0.94,0.64,0.42,0.43,0.70,0.99,0.90,0.68,0.56,0.80,0.89,0.79,0.61,0.50,0.53,0.43,0.42,0.49,0.46,0.38,0.31,0.46,0.17,0.15,0.14,0.14,0.12,0.18,0.12,0.13,0.18,0.23,0.20,0.30,0.15,0.15,0.29,0.28,0.27,0.26,0.27,0.28,0.33,0.33,0.32,0.66,0.34,0.28,0.24,0.26,0.21,0.27,0.16,0.12,0.22,0.17,0.17,0.25,0.08,0.52,0.57,0.36,0.36,0.27,0.38,0.51,0.64,0.59,0.45,0.49,0.55,0.63,0.72,0.89,0.81,0.84,0.61,0.68,0.70,0.63,0.62,0.66,0.91,12.96,0.67,0.01,-0.32,-0.42,-0.16,0.03,-0.08,-0.01,0.04,0.26,-0.04,0.14,0.20,0.30,0.38,0.79,0.84,0.77,0.77,0.66,0.47,0.49,0.33,0.28,0.44,0.56,0.29,0.34,0.41,0.44,0.57,0.34,0.70,0.42,0.26,0.07,-0.13,-0.08,0.00,0.07,0.13,0.15,0.22,0.25,0.45,0.50,0.26,0.35
Одежда и белье,1.34,1.13,1.09,0.99,0.99,1.01,0.92,0.99,0.92,0.86,0.93,0.85,0.92,0.95,0.92,0.89,0.88,0.85,0.84,0.77,0.80,0.80,0.78,0.76,0.69,0.68,0.60,0.66,0.70,0.61,0.70,0.63,0.57,0.64,0.59,0.65,0.57,0.62,0.58,0.64,0.60,0.65,0.61,0.58,0.64,0.53,0.55,0.67,0.63,0.67,0.66,0.58,0.60,0.65,0.64,0.61,0.53,0.57,0.64,0.67,0.56,0.55,0.51,0.64,0.57,0.62,0.65,0.63,0.76,0.78,0.76,0.70,0.71,0.70,0.72,0.66,0.78,0.75,0.72,0.75,0.80,1.03,0.99,0.84,0.76,1.11,1.45,1.05,0.92,0.77,0.75,0.81,0.86,0.70,0.71,0.59,0.58,0.57,0.54,0.53,0.53,0.60,0.61,0.59,0.55,0.63,0.53,0.61,0.68,0.64,0.74,0.63,0.63,0.63,0.61,0.59,0.48,0.51,0.40,0.46,0.51,0.42,0.49,0.42,0.47,0.49,0.54,0.49,0.47,0.29,0.35,0.46,0.46,0.39,0.32,0.34,0.42,0.47,0.44,0.41,0.27,0.25,0.38,0.41,0.35,0.45,0.39,0.40,0.41,0.52,0.54,0.50,0.46,0.64,0.45,0.92,1.50,1.53,1.43,0.95,0.86,0.71,0.72,0.90,1.06,0.92,0.82,0.71,0.71,0.74,0.76,0.67,0.60,0.50,0.40,0.47,0.66,0.57,0.55,0.43,0.34,0.30,0.29,0.28,0.24,0.29,0.31,0.22,0.13,0.25,0.18,0.20,0.20,0.19,0.15,0.20,0.18,0.23,0.20,0.14,0.16,0.23,0.22,0.19,0.27,0.22,0.16,0.23,0.22,0.22,0.22,0.15,0.08,0.13,0.19,0.11,0.13,0.09,0.13,0.00,0.17,0.24,0.20,0.15,0.16,0.14,0.14,0.04,0.22,0.21,0.26,0.36,0.32,0.30,0.17,0.23,0.27,0.30,0.25,0.42,0.31,0.39,4.90,1.19,0.40,0.08,0.18,0.13,0.21,-0.06,-0.04,0.05,0.17,0.09,0.18,0.14,0.14,0.17,0.32,0.50,0.34,0.45,0.35,0.30,0.24,0.38,0.28,0.38,0.38,0.34,0.25,0.29,0.25,0.24,0.16,0.30,0.29,0.17,0.16,0.06,-0.07,0.14,0.19,0.41,-0.26,0.02,0.21,0.10,-0.07,-0.23,0.13
Меха и меховые изделия,0.90,0.71,0.69,0.73,0.58,0.63,0.68,0.78,1.06,0.66,0.91,0.69,0.73,0.85,0.31,0.44,0.48,0.54,0.54,0.50,0.41,0.67,0.71,0.63,0.42,0.43,0.26,0.52,0.58,0.52,0.50,0.41,0.45,0.57,0.11,0.56,0.46,0.18,0.62,0.42,0.50,0.52,0.53,0.46,0.25,0.21,0.26,0.26,0.56,0.68,0.65,0.48,0.53,0.50,0.45,0.45,0.47,0.56,0.93,0.56,0.56,0.54,0.52,0.54,0.59,0.54,0.55,0.57,0.50,0.59,0.75,0.72,0.40,0.40,0.64,0.58,0.51,0.56,0.51,0.76,0.46,0.68,0.79,0.67,0.36,0.60,0.66,0.47,0.41,0.23,0.43,0.31,0.23,0.16,-0.34,-0.02,0.34,0.23,0.36,0.29,0.34,0.39,0.52,0.48,0.59,0.77,0.71,0.75,0.78,0.61,0.49,0.43,0.49,0.50,0.42,0.41,0.66,0.66,1.26,0.28,0.29,0.66,0.37,0.46,0.50,0.54,0.42,0.45,0.86,0.63,0.53,0.63,0.50,0.36,0.54,0.49,0.38,0.55,0.43,0.28,0.21,0.03,0.63,0.37,0.24,0.48,0.24,0.34,0.36,0.28,0.32,0.39,0.08,0.05,0.19,1.32,2.10,1.23,0.35,0.41,0.35,0.28,0.27,0.43,0.40,0.57,0.37,0.17,0.30,-0.02,0.24,0.29,0.28,0.23,0.23,0.08,0.09,-0.15,-0.41,-0.05,0.22,0.02,0.17,0.08,0.03,0.07,0.06,0.12,0.01,0.03,0.03,0.16,0.00,0.03,-0.08,-0.02,0.09,0.04,0.07,0.10,0.15,-0.09,0.10,0.06,0.09,0.25,0.19,0.12,0.04,0.05,0.09,0.02,0.04,0.13,-0.03,-0.31,-0.08,0.14,0.25,0.13,0.07,0.16,-0.02,0.12,-0.11,0.94,-0.27,-0.69,-0.04,0.14,0.20,0.15,0.12,0.17,0.11,-0.01,0.19,0.42,-1.15,0.45,-0.60,0.25,2.82,-0.43,0.64,0.05,-0.22,-0.24,0.04,-0.52,-0.65,0.13,-0.07,-0.28,0.79,-0.07,0.15,0.02,0.30,0.54,0.19,0.32,0.74,-0.06,0.13,0.05,-0.13,0.11,-0.40,0.29,0.30,0.01,0.17,-0.01,0.26,0.16,-0.42,0.14,0.03,0.05,-0.09,-0.16,0.00,0.85,0.02,0.49,-0.55,0.13,-0.47,0.02,0.09
Трикотажные изделия,1.23,1.12,1.19,1.18,1.20,1.13,0.98,1.22,1.12,0.85,0.93,1.13,1.05,0.99,1.02,0.97,0.92,0.97,0.94,0.94,0.81,0.78,0.75,0.72,0.87,0.78,0.63,0.72,0.74,0.67,0.78,0.57,0.60,0.87,0.78,0.77,0.69,0.69,0.77,0.73,0.66,0.73,0.70,0.64,0.69,0.62,0.67,0.69,0.61,0.81,0.71,0.60,0.66,0.63,0.64,0.67,0.55,0.57,0.65,0.62,0.59,0.61,0.57,0.66,0.58,0.62,0.64,0.60,0.75,0.82,0.82,0.67,0.77,0.73,0.71,0.77,0.81,0.78,0.78,0.72,0.88,1.10,1.10,0.90,0.81,1.22,1.56,1.17,0.96,0.85,0.78,0.91,0.87,0.75,0.77,0.72,0.67,0.64,0.59,0.57,0.55,0.62,0.62,0.60,0.64,0.75,0.65,0.60,0.76,0.71,0.78,0.61,0.61,0.59,0.61,0.59,0.49,0.42,0.32,0.45,0.42,0.43,0.42,0.41,0.47,0.45,0.53,0.45,0.52,0.33,0.35,0.41,0.41,0.36,0.25,0.38,0.36,0.42,0.39,0.30,0.27,0.15,0.59,0.48,0.41,0.44,0.58,0.38,0.41,0.49,0.44,0.41,0.46,0.59,0.58,0.87,1.52,1.58,1.54,0.95,0.89,0.68,0.68,0.80,1.14,0.97,0.85,0.67,0.71,0.80,0.75,0.63,0.57,0.53,0.52,0.55,0.64,0.53,0.54,0.50,0.36,0.31,0.31,0.28,0.26,0.35,0.30,0.33,0.24,0.20,0.16,0.15,0.21,0.19,0.14,0.27,0.25,0.25,0.24,0.19,0.15,0.20,0.16,0.23,0.30,0.25,0.19,0.26,0.27,0.25,0.22,0.13,0.07,0.02,0.17,0.18,0.19,0.16,0.13,0.03,0.17,0.27,0.24,0.20,0.10,0.18,0.14,0.15,0.29,0.34,0.32,0.33,0.34,0.38,0.21,0.44,0.29,0.36,0.44,0.31,0.37,0.47,5.42,1.48,0.48,0.30,0.25,0.17,0.32,0.05,-0.11,0.17,0.15,0.04,0.06,0.18,0.13,0.16,0.38,0.54,0.55,0.49,0.46,0.31,0.29,0.41,0.44,0.49,0.44,0.30,0.25,0.31,0.33,0.44,-0.01,0.39,0.29,0.17,0.17,-0.04,-0.07,0.16,0.10,0.34,-0.17,-0.04,0.09,0.10,-0.05,-0.20,0.19
"Обувь кожаная, текстильная и комбинированная",1.23,1.01,1.09,1.04,0.97,0.95,0.94,0.93,0.94,0.71,0.83,0.79,0.90,0.82,0.80,0.78,0.81,0.80,0.75,0.71,0.57,0.70,0.67,0.53,0.65,0.55,0.52,0.64,0.65,0.50,0.55,0.53,0.41,0.56,0.48,0.63,0.30,0.56,0.50,0.54,0.46,0.55,0.60,0.60,0.60,0.40,0.42,0.59,0.63,0.56,0.55,0.46,0.55,0.64,0.54,0.61,0.46,0.55,0.66,0.63,0.31,0.52,0.59,0.60,0.48,0.59,0.61,0.48,0.72,1.12,0.78,0.71,0.68,0.59,0.63,0.46,0.59,0.61,0.60,0.62,0.82,0.90,0.91,0.61,0.70,1.03,1.37,1.02,1.00,0.67,0.68,0.81,0.69,0.68,0.55,0.50,0.56,0.45,0.43,0.44,0.43,0.57,0.51,0.40,0.66,0.58,0.49,0.48,0.56,0.45,0.39,0.48,0.49,0.47,0.49,0.36,0.46,0.51,0.31,0.45,0.38,0.25,0.39,0.34,0.41,0.37,0.41,0.42,0.36,0.38,0.40,0.46,0.43,0.42,0.35,0.35,0.33,0.40,0.40,0.37,0.23,0.29,0.50,0.36,0.45,0.42,0.43,0.46,0.43,0.45,0.42,0.45,0.39,0.49,0.42,0.71,1.70,1.55,1.85,1.25,0.88,0.70,0.62,0.92,1.40,1.54,1.05,0.69,0.81,0.86,0.99,0.89,0.76,0.61,0.57,0.58,0.90,0.77,0.60,0.46,0.37,0.54,0.35,0.37,0.26,0.35,0.32,0.29,0.25,0.23,0.34,0.27,0.33,0.06,0.11,0.15,0.21,0.18,0.28,0.12,0.14,0.07,0.08,0.15,0.10,0.20,0.07,0.12,0.17,0.21,0.25,0.10,-0.09,0.03,0.09,0.00,0.19,0.07,0.05,-0.08,0.13,0.24,0.11,0.11,0.07,0.04,0.14,0.11,0.20,0.08,0.21,0.33,0.31,0.19,0.21,0.09,0.26,0.21,0.20,0.23,0.03,0.20,5.95,1.00,0.16,0.07,-0.07,-0.14,-0.26,-0.06,-0.26,-0.25,-0.10,-0.13,0.05,0.12,-0.21,-0.07,0.10,0.40,0.22,0.01,0.06,0.29,0.33,0.41,0.13,0.29,0.24,0.18,0.30,0.45,0.42,0.43,0.29,0.79,-0.08,0.01,0.09,-0.29,-0.17,0.01,-0.06,-0.16,-0.56,-0.12,0.06,0.13,0.06,-0.41,0.03
Моющие и чистящие средства,0.49,0.80,0.65,0.68,0.69,0.48,0.43,0.74,0.63,0.45,0.83,0.48,0.87,0.52,0.71,0.68,0.46,0.38,0.24,0.37,0.47,0.38,0.47,0.30,0.55,0.42,0.32,0.40,0.31,0.24,0.18,0.24,0.32,0.34,0.31,0.48,0.64,0.50,0.57,0.71,0.50,0.41,0.37,0.52,0.53,0.54,0.55,0.41,0.48,0.60,0.69,0.61,0.55,0.49,0.34,0.35,0.47,0.31,0.34,0.36,0.44,0.54,0.46,0.55,0.64,0.56,0.53,0.65,0.80,0.88,0.98,0.65,0.79,0.99,0.86,1.81,1.99,1.08,0.86,0.95,2.07,2.15,1.71,0.99,0.81,1.50,3.07,1.76,1.44,0.83,0.80,0.44,0.30,0.32,0.31,0.37,0.46,0.38,0.30,0.35,0.36,0.14,0.17,0.01,0.34,0.53,0.54,0.33,0.35,0.60,0.97,0.84,0.56,0.44,0.93,0.68,1.33,0.69,0.61,0.54,1.08,1.15,1.20,0.77,0.52,0.33,0.36,0.29,0.25,0.32,0.48,0.29,0.65,0.64,0.36,0.29,0.29,0.17,0.14,0.17,0.30,0.60,0.48,0.44,0.71,0.67,0.43,0.52,1.06,1.19,0.76,0.61,0.59,0.64,0.52,1.10,3.21,2.54,3.76,3.80,2.49,0.50,0.40,0.23,0.40,0.91,1.42,0.84,0.72,0.67,1.02,0.98,0.71,0.38,0.36,0.28,0.32,0.26,0.26,0.20,-0.07,0.26,0.28,0.05,0.18,-0.16,-0.08,-0.18,-0.11,0.21,-0.05,0.25,0.25,-0.07,-0.10,0.10,0.33,0.16,0.36,0.43,0.23,0.22,0.57,0.62,0.51,0.68,0.71,0.55,0.26,0.08,0.47,-0.12,0.31,0.39,0.62,0.31,0.23,0.02,0.56,1.27,0.57,0.63,0.30,0.09,0.27,1.06,0.71,0.16,0.31,0.47,0.67,0.85,0.72,0.72,0.51,0.08,0.45,0.70,1.16,0.55,0.68,1.18,13.50,8.21,2.19,0.65,0.15,0.00,0.40,0.13,0.22,-0.02,0.01,-0.04,-0.23,-0.21,0.03,-0.29,0.26,0.46,0.26,0.49,0.74,0.65,0.19,-0.11,0.11,0.10,-0.04,0.19,-0.36,-0.08,-0.13,0.24,0.45,0.99,-0.37,0.08,0.35,-0.17,-0.09,0.65,0.20,-0.43,0.63,0.62,0.48,0.42,0.49,0.21,0.23
Парфюмерно-косметические товары,0.75,0.79,0.58,0.74,0.65,0.70,0.67,0.82,0.82,0.67,0.74,0.69,0.79,0.80,0.86,0.78,0.75,0.80,0.78,0.66,0.65,0.70,0.69,0.69,0.61,0.52,0.53,0.49,0.59,0.53,0.56,0.55,0.48,0.51,0.53,0.59,0.56,0.47,0.62,0.51,0.45,0.48,0.47,0.50,0.54,0.54,0.54,0.48,0.43,0.49,0.51,0.40,0.54,0.49,0.56,0.63,0.56,0.61,0.66,0.74,0.61,0.62,0.47,0.51,0.55,0.54,0.60,0.53,0.59,0.71,0.71,0.55,0.56,0.69,0.73,0.86,0.89,0.80,0.73,0.87,1.05,1.07,1.03,0.83,0.81,2.15,3.29,1.93,1.34,1.17,0.92,0.76,0.70,0.55,0.44,0.50,0.46,0.35,0.41,0.44,0.32,0.41,0.42,0.37,0.30,0.20,0.30,0.38,0.39,0.23,0.36,0.32,0.22,0.35,0.50,0.48,0.58,0.61,0.45,0.34,0.55,0.61,0.58,0.49,0.41,0.49,0.69,0.51,0.49,0.46,0.50,0.45,0.32,0.35,0.26,0.32,0.38,0.37,0.40,0.48,0.42,0.48,0.52,0.49,0.44,0.48,0.50,0.55,0.70,0.72,0.60,0.60,0.69,0.61,0.82,1.33,3.47,3.40,2.94,2.53,1.67,0.81,0.75,0.84,0.79,1.03,0.91,0.83,0.82,1.04,1.05,1.05,0.94,0.70,0.77,0.81,0.68,0.57,0.35,0.28,0.36,0.09,0.49,0.17,0.29,0.31,0.16,0.23,0.22,0.17,0.29,0.21,0.10,0.11,0.20,0.16,0.22,0.26,0.31,0.53,0.01,0.41,0.37,0.48,0.67,0.44,0.43,0.42,0.30,0.40,0.44,-0.28,0.44,0.82,-0.03,0.55,0.07,0.08,0.54,0.44,0.50,0.62,0.42,-0.02,0.39,0.43,0.39,-0.13,-0.03,0.57,0.56,0.48,0.76,0.51,0.39,0.58,0.61,0.82,0.28,0.58,0.57,0.72,11.48,6.33,3.31,1.81,0.62,0.41,0.69,-0.04,0.61,0.26,0.29,-0.10,0.12,0.22,0.12,0.10,0.48,0.45,-0.11,0.53,0.08,0.37,0.93,0.74,0.36,0.69,0.59,0.23,0.05,0.33,0.39,0.19,0.55,0.70,0.00,0.26,0.47,0.18,0.02,0.45,0.43,0.65,0.41,0.43,0.50,0.65,0.96,0.52,0.28
Галантерея,1.10,0.90,0.77,0.87,0.81,0.92,0.85,0.98,0.83,0.63,0.75,0.66,0.97,0.71,0.72,0.64,0.79,0.84,0.81,0.94,0.77,0.79,0.69,0.69,0.64,0.62,0.59,0.65,0.72,0.59,0.55,0.46,0.55,0.50,0.54,0.57,0.49,0.59,0.59,0.51,0.41,0.50,0.52,0.44,0.45,0.53,0.53,0.51,0.46,0.61,0.57,0.53,0.58,0.46,0.52,0.51,0.52,0.56,0.54,0.66,0.61,0.61,0.64,0.61,0.67,0.58,0.62,0.74,0.77,0.85,0.91,0.87,0.67,0.77,0.95,0.88,0.86,0.76,0.91,0.77,0.92,1.02,1.03,0.86,0.73,1.69,1.97,1.47,1.09,0.85,0.89,0.96,0.87,0.75,0.56,0.53,0.53,0.57,0.54,0.52,0.44,0.47,0.53,0.54,0.45,0.56,0.55,0.44,0.71,0.50,0.51,0.41,0.39,0.55,0.52,0.57,0.60,0.39,0.43,0.46,0.47,0.40,0.38,0.64,0.35,0.48,0.56,0.41,0.37,0.60,0.39,0.37,0.38,0.47,0.33,0.41,0.39,0.56,0.37,0.33,0.38,0.42,0.64,0.43,0.47,0.48,0.52,0.66,0.55,0.55,0.52,0.57,0.57,0.57,0.64,0.95,2.20,2.23,1.90,1.61,1.14,0.92,0.66,0.97,1.14,1.16,0.80,0.74,0.87,0.86,0.99,0.94,0.68,0.77,0.63,0.62,0.65,0.52,0.47,0.44,0.41,0.47,0.38,0.28,0.22,0.28,0.32,0.32,0.18,0.26,0.30,0.24,0.27,0.14,0.08,0.07,0.22,0.18,0.20,0.21,0.22,0.12,0.28,0.24,0.73,0.34,0.25,0.23,0.26,0.20,0.23,0.10,0.17,0.06,0.24,0.11,0.03,0.19,0.24,0.24,0.26,0.30,0.33,0.27,0.24,0.27,0.24,0.17,0.27,0.37,0.28,0.27,0.45,0.33,0.33,0.28,0.43,0.41,0.42,0.33,0.38,0.44,7.42,2.73,0.62,0.41,0.14,0.04,0.08,0.08,-0.06,0.16,0.14,0.11,0.12,0.23,-0.06,0.11,0.38,0.35,0.24,0.31,0.33,0.43,0.37,0.30,0.49,0.29,0.27,0.37,0.23,0.29,0.28,0.37,0.29,0.45,0.24,0.20,0.18,0.08,0.06,0.08,0.33,0.24,-0.20,0.02,0.15,0.25,0.42,0.07,0.06
Табачные изделия,0.80,0.63,0.50,0.40,0.48,0.55,0.35,0.48,0.46,0.40,0.31,0.66,1.84,1.57,0.93,0.46,0.37,0.38,0.49,0.46,0.52,0.55,0.45,0.30,0.22,0.37,0.26,0.39,0.83,0.41,0.28,0.23,0.20,0.28,0.32,0.33,0.62,0.54,0.48,0.60,0.45,0.31,0.43,0.32,0.38,0.35,0.34,0.37,0.81,0.86,0.68,0.39,0.33,0.37,0.25,0.38,0.40,0.23,0.76,2.32,1.55,0.85,0.48,0.49,0.45,0.27,0.51,0.47,0.47,0.63,0.45,0.82,1.36,1.41,1.06,0.83,0.79,0.51,1.36,2.08,1.96,1.73,1.19,0.77,1.03,2.13,2.99,2.03,2.48,1.76,1.41,1.26,0.75,0.56,0.36,0.58,1.40,1.69,1.74,1.99,1.36,0.83,1.10,1.89,2.39,1.82,0.97,0.82,1.57,2.01,2.76,2.47,1.88,1.09,0.78,1.57,2.18,1.35,0.94,0.75,0.82,1.97,2.86,2.43,1.30,1.00,1.51,3.48,2.44,1.29,0.83,0.66,0.97,2.38,3.51,4.29,3.15,1.57,1.22,2.03,3.00,1.93,1.21,0.79,0.80,1.66,3.46,4.56,3.27,2.12,1.84,2.02,1.67,1.10,0.83,0.97,1.62,1.93,1.81,1.60,2.00,2.05,2.85,2.56,1.92,2.41,1.89,1.18,1.66,1.16,1.46,1.60,1.49,1.25,1.20,1.44,1.77,1.22,1.19,1.05,0.96,0.64,0.83,0.46,0.48,0.65,0.62,0.46,0.41,0.97,1.10,0.68,0.92,0.94,0.88,0.66,0.70,0.98,0.84,0.92,0.70,0.72,0.66,0.70,0.79,0.87,0.60,0.50,0.89,0.93,0.89,1.02,1.05,0.93,1.11,0.88,0.79,0.50,0.74,0.74,0.69,0.83,0.53,0.57,0.59,0.59,0.64,0.65,0.91,1.71,1.35,2.14,1.98,1.97,1.82,1.39,0.69,0.45,0.42,0.45,0.66,0.61,0.95,0.45,0.62,0.87,0.67,0.94,1.10,1.29,0.81,0.81,0.96,0.59,0.76,0.71,0.74,0.63,0.70,0.30,0.41,0.30,0.27,0.44,0.59,0.60,0.40,0.39,0.32,0.29,0.65,0.56,0.63,0.63,0.51,0.43,0.65,0.45,0.84,0.59,0.62,0.50,0.44,0.36,0.79,0.78,0.50,0.33,0.63,0.50,0.84
Мебель,1.17,0.85,0.85,0.77,0.73,0.69,0.73,0.77,0.67,0.67,0.77,0.77,0.93,1.07,0.71,0.68,0.77,0.94,0.75,0.64,0.68,0.70,0.80,0.66,0.63,0.62,0.57,0.64,0.78,0.69,0.56,0.61,0.63,0.62,0.62,0.68,0.70,0.60,0.68,0.63,0.66,0.69,0.70,0.62,0.69,0.60,0.58,0.55,0.47,0.52,0.55,0.54,0.56,0.55,0.56,0.62,0.61,0.52,0.57,0.57,0.53,0.49,0.48,0.61,0.58,0.58,0.75,0.79,0.95,0.88,0.64,0.81,0.77,0.92,1.11,1.00,0.93,0.85,0.84,0.98,0.95,1.12,1.05,0.93,0.82,1.10,1.04,0.91,0.72,0.43,0.46,0.38,0.32,0.26,0.24,0.23,0.21,0.15,0.32,0.33,0.28,0.31,0.28,0.30,0.33,0.33,0.43,0.52,0.60,0.54,0.53,0.47,0.35,0.38,0.39,0.37,0.37,0.62,0.42,0.34,0.29,0.27,0.41,0.39,0.34,0.44,0.66,0.53,0.52,0.45,0.33,0.26,0.33,0.32,0.23,0.25,0.29,0.38,0.34,0.32,0.25,0.30,0.22,0.26,0.33,0.36,0.37,0.43,0.48,0.44,0.36,0.30,0.33,0.27,0.45,2.07,3.19,1.79,1.31,0.50,0.51,0.38,0.25,0.33,0.34,0.18,0.22,0.22,0.31,0.39,0.52,0.36,0.37,0.36,0.19,0.16,0.15,0.06,0.16,0.19,0.04,0.04,0.13,0.22,0.22,0.17,0.24,0.20,0.07,0.18,0.23,0.14,0.04,0.14,0.15,0.29,0.33,0.35,0.34,0.28,0.38,0.44,0.35,0.30,0.48,0.52,0.37,0.36,0.39,0.31,0.22,0.18,0.07,-0.04,0.02,0.07,0.03,0.04,0.26,0.29,0.27,0.36,0.35,0.39,0.56,0.73,0.86,0.92,0.70,0.97,1.09,0.98,1.00,1.12,1.06,0.99,1.30,0.72,0.60,0.71,0.72,0.61,10.65,1.71,-0.13,-0.60,-0.57,-0.47,-0.43,-0.52,-0.15,-0.17,-0.15,-0.30,-0.11,0.03,0.13,0.31,0.54,0.80,1.10,1.28,1.09,0.74,0.60,0.53,0.41,0.52,0.50,0.46,0.43,0.66,0.60,0.51,0.53,0.77,0.83,0.64,0.28,0.25,0.26,0.31,0.48,0.31,0.08,0.17,0.41,0.42,0.64,0.55,0.39
Электротовары и другие бытовые приборы,0.78,0.51,0.60,0.55,0.51,0.86,0.80,0.73,0.59,0.46,0.42,0.60,0.85,0.70,0.84,0.55,0.37,0.54,0.42,0.45,0.59,0.98,0.75,0.65,0.44,0.19,0.14,0.14,0.24,0.20,0.30,0.30,0.11,0.14,0.18,0.22,0.26,0.33,0.24,0.16,0.31,0.21,0.25,0.26,0.17,0.28,0.27,0.24,0.08,0.25,0.08,0.12,0.18,0.17,0.16,0.16,0.19,0.17,0.15,0.32,0.15,0.20,0.16,0.21,0.20,0.30,0.35,0.30,0.36,0.21,0.33,0.20,0.18,0.45,0.36,0.47,0.37,0.40,0.51,0.50,0.51,0.57,0.73,0.36,0.39,2.26,1.67,1.10,0.86,0.58,0.46,0.49,0.46,0.17,0.19,0.19,0.15,0.08,0.02,0.07,-0.03,0.06,0.16,0.31,0.07,0.08,0.04,0.13,0.14,0.05,0.02,0.17,0.37,0.11,0.25,0.07,0.22,0.26,0.15,0.13,0.09,0.08,0.51,0.15,0.35,0.18,0.18,0.15,0.46,0.11,-0.02,0.05,0.07,0.07,0.01,0.13,0.29,0.21,0.19,0.27,0.27,0.16,0.14,0.29,0.35,0.35,0.56,0.58,0.44,0.54,0.42,0.31,0.29,0.49,0.86,11.91,5.95,2.20,0.90,0.30,0.20,0.32,0.33,1.02,1.83,1.28,0.67,0.76,0.83,1.39,0.73,0.48,0.43,0.40,0.22,0.26,0.28,0.16,0.23,0.12,-0.06,-0.19,-0.34,-0.12,-0.08,-0.04,0.08,0.15,0.04,-0.05,0.06,-0.11,0.08,0.20,0.02,0.43,0.27,0.42,0.31,0.27,0.43,0.64,0.30,0.27,0.30,0.37,0.12,0.13,0.35,0.02,0.01,0.01,-0.14,-0.18,-0.29,-0.27,-0.13,0.48,2.29,1.19,0.31,0.68,-0.13,-0.03,0.12,0.59,0.52,0.36,0.24,0.13,0.03,0.41,0.82,0.40,0.14,0.38,0.50,0.44,0.08,0.65,0.23,2.95,29.18,-6.84,-0.22,-0.51,-3.62,-0.67,-0.33,-0.90,-0.34,-0.77,-0.34,-0.49,0.21,-0.75,-0.44,-0.03,0.97,0.97,0.63,0.76,-0.32,-0.18,0.17,-0.21,-0.24,0.71,0.45,0.75,0.39,-0.05,-0.33,0.15,0.53,2.67,0.07,0.25,-0.48,-1.18,-0.64,-1.01,-0.57,-0.32,-0.30,-0.73,-0.15,-0.01,0.56,-0.62,-0.03
Печатные издания,4.30,3.10,1.44,1.32,1.54,1.52,1.29,1.57,1.18,3.02,1.28,1.12,1.27,1.06,0.91,1.09,0.93,0.86,0.87,1.00,1.05,1.07,0.88,1.03,1.85,1.68,0.95,0.83,1.94,0.99,1.07,0.67,1.84,0.99,1.14,1.00,0.35,0.98,0.80,1.11,0.89,0.82,1.01,1.07,1.31,0.86,0.75,1.06,1.08,0.85,0.60,0.71,0.79,0.93,0.76,0.81,0.58,0.99,1.03,0.79,0.75,0.99,1.28,1.12,0.94,0.92,1.21,0.87,0.93,1.01,1.05,0.80,0.81,1.70,1.10,0.91,0.96,1.00,0.93,1.14,1.22,0.92,1.04,1.21,2.55,1.19,1.56,1.24,1.39,1.09,0.94,2.07,1.01,0.94,0.58,0.70,0.56,0.66,0.81,0.74,0.55,0.57,0.65,0.52,0.54,0.49,0.65,0.72,0.48,0.50,0.28,0.41,0.55,0.64,0.53,0.56,0.57,0.62,0.49,0.44,0.76,0.64,0.55,0.68,0.59,0.57,0.53,0.41,0.40,0.47,0.72,0.67,0.53,0.43,0.40,0.43,0.39,0.47,0.52,0.76,0.53,0.55,0.51,0.52,0.58,0.54,0.52,0.55,0.61,0.71,0.63,0.54,0.62,0.67,0.63,0.72,1.60,0.81,0.87,0.80,0.89,0.74,0.90,0.95,1.02,0.73,0.78,0.75,0.91,0.66,0.68,0.70,0.62,0.66,0.63,0.77,0.69,0.71,0.64,0.55,0.58,0.55,0.53,0.49,0.54,0.52,0.57,0.53,0.36,0.48,0.43,0.38,0.23,0.40,0.30,0.48,0.41,0.39,0.29,0.17,0.33,0.39,0.47,0.48,1.40,0.86,0.46,0.42,0.39,0.34,0.30,0.26,0.37,0.38,0.29,0.33,0.23,0.24,0.27,0.23,0.32,0.28,0.37,0.49,0.33,0.33,0.37,0.29,0.29,0.31,0.29,0.38,0.42,0.27,0.22,0.45,0.30,0.49,0.67,0.60,0.65,0.68,1.52,1.79,2.44,1.10,1.02,0.74,0.83,0.48,0.44,0.49,0.25,0.13,0.64,0.35,0.04,0.34,0.30,-0.19,0.49,0.59,0.50,0.72,0.55,0.56,0.25,0.66,0.69,0.48,0.66,0.63,0.67,0.77,0.64,0.49,0.82,2.09,0.82,0.58,0.71,0.63,0.60,0.44,0.46,0.44,1.44,0.63,1.79,1.70,0.63
Телерадиотовары,1.17,0.53,0.21,0.30,0.27,0.18,0.31,0.02,0.10,0.24,0.19,0.44,0.48,0.19,0.12,-0.22,-0.39,-0.34,-0.28,-0.24,0.01,0.29,0.25,0.12,0.14,-0.14,-0.19,-0.37,-0.27,-0.16,-0.12,-0.02,-0.32,-0.12,0.02,0.05,0.20,-0.02,-0.25,-0.36,-0.21,-0.27,-0.16,-0.17,-0.04,0.19,0.17,0.07,0.09,-0.05,-0.10,-0.18,-0.26,-0.23,-0.20,-0.23,-0.10,0.04,-0.07,0.11,0.02,0.11,-0.08,-0.41,-0.46,-0.07,-0.29,-0.20,-0.10,-0.01,0.16,0.13,0.30,0.18,-0.02,0.21,-0.06,-0.30,-0.08,0.13,0.02,0.43,0.37,0.23,0.57,2.14,1.46,0.28,0.15,0.16,-0.38,-0.09,0.29,0.34,0.25,0.08,0.34,0.08,-0.33,-0.76,-0.60,-0.49,-0.31,0.38,0.03,-0.04,0.00,-0.14,0.61,0.26,0.01,-0.37,-0.43,-0.66,-0.20,-0.10,0.13,0.18,0.05,0.07,0.28,0.01,0.15,0.01,-0.25,-0.15,-0.06,-0.34,-0.18,-0.20,-0.21,-0.18,0.17,-0.37,-0.47,-0.37,-0.29,-0.09,-0.11,0.28,0.39,0.27,0.20,0.18,0.42,0.08,-0.05,-0.07,-0.13,0.23,0.25,0.01,-0.06,0.11,0.79,14.01,3.64,0.70,-0.58,-0.56,-0.77,-0.23,0.14,0.76,2.45,1.58,1.32,1.00,1.12,0.99,-0.19,-0.70,-0.52,-0.50,-0.25,-0.39,-0.11,0.11,0.38,0.28,0.02,-0.39,-0.53,-0.22,-0.32,-0.29,-0.09,0.00,-0.18,0.04,-0.03,-0.29,0.47,-0.45,-0.44,0.19,-0.58,-0.35,-0.09,0.38,0.10,-0.01,-0.03,0.25,0.24,-0.78,-0.33,-0.52,-0.62,-0.91,-0.30,-0.46,-0.45,-0.61,-0.54,-0.61,-0.56,-1.16,2.02,0.25,-0.42,-0.86,0.32,0.09,0.16,-0.30,0.09,-0.21,1.77,0.01,1.11,1.09,1.14,-1.02,0.98,2.21,1.20,1.25,1.41,0.94,1.25,3.84,23.37,-14.67,-2.91,-2.70,-2.13,-2.26,-1.57,0.96,-2.32,-1.38,0.67,-4.41,-3.59,-2.61,-3.00,-2.13,4.65,1.10,-0.72,1.58,0.64,1.80,0.85,-0.26,1.11,-0.77,-0.18,-1.02,0.23,0.55,-0.41,-0.80,-0.34,3.27,0.63,-0.40,-2.71,-2.55,-2.78,-2.22,0.14,-0.23,0.01,0.18,-0.13,1.30,0.80,0.64,0.58
Персональные компьютеры,,,,,,,,,,,,,0.12,0.13,-0.51,-1.29,-1.75,-1.26,-0.57,-0.33,0.45,1.12,-0.36,-1.31,-1.00,-0.79,-0.49,-0.48,-0.71,-0.89,-0.40,-0.40,-0.34,-0.33,-0.53,-0.36,0.24,0.29,-0.93,-0.89,-0.75,-0.24,-0.28,-0.43,-0.22,0.89,1.10,0.90,0.05,-0.75,-1.19,-1.29,-0.87,-0.92,-0.40,-0.02,-0.13,-0.01,0.09,-0.06,-0.04,-0.22,-0.50,-0.83,-0.89,-0.40,-0.13,0.13,0.36,-0.22,-0.33,0.23,0.21,-0.19,-0.48,-0.22,-0.56,-0.42,-0.31,-0.19,-0.35,-0.39,0.03,-0.15,1.19,3.01,0.90,-0.47,-1.04,-0.61,-0.30,-0.28,-0.14,0.14,-0.37,0.08,-0.39,0.10,-0.45,-0.47,-0.34,-0.42,-0.07,-0.19,-0.17,-0.37,-0.30,-0.26,-0.12,-0.65,-0.91,-0.65,-1.18,-0.99,-0.62,-0.61,-0.16,-0.09,-0.23,-0.38,0.07,-0.14,-0.22,0.04,-0.39,-0.29,-0.49,-0.30,-0.40,-0.50,-0.46,-0.14,0.17,-0.13,-0.12,-0.01,-0.23,-0.33,-0.22,-0.06,0.00,0.04,0.09,0.11,0.19,0.07,0.15,0.03,-0.15,-0.10,0.04,-0.21,0.16,0.28,0.60,8.89,3.95,1.17,0.54,-0.04,-0.53,-0.38,0.11,1.12,1.99,0.97,0.86,0.71,0.86,0.92,0.40,-0.02,-0.36,-0.21,-0.31,-0.21,-0.05,0.01,-0.04,-0.14,0.03,-0.52,-0.34,-0.50,-0.41,-0.55,-0.59,-0.21,-0.19,-0.12,-0.18,-0.14,0.10,-0.18,-0.15,0.05,-0.07,-0.40,-0.20,-0.15,0.43,0.12,0.00,0.29,0.41,-0.09,0.07,-0.06,-0.10,-0.38,-0.08,-0.16,-0.03,0.06,0.03,-0.36,0.05,-0.58,1.57,1.13,0.24,0.01,-0.27,0.24,0.77,0.68,0.37,0.47,0.27,-0.07,-0.01,-0.19,-0.07,0.05,0.18,0.66,0.81,0.67,0.49,0.54,0.24,1.46,21.76,-11.00,-3.27,-0.96,-1.17,-0.65,1.04,-0.51,-1.07,-1.02,0.21,-0.67,-0.29,0.03,-0.87,-1.13,1.01,-0.60,0.43,0.36,0.10,0.13,0.23,-0.54,-0.17,0.04,-0.08,-0.71,-0.27,-0.71,0.13,0.17,-0.43,0.70,0.55,-0.97,-1.10,-1.76,-1.82,-1.58,0.07,-0.42,0.64,-0.51,0.05,1.35,0.92,-0.03,0.49
Средства связи,,,,,,,,,,,,,-0.16,-0.67,-0.35,-0.94,-1.31,-0.96,-0.44,-0.62,-0.94,-1.32,-0.64,-0.60,-0.66,-0.26,-0.28,-0.52,-0.83,-0.25,-0.31,-0.09,-0.41,-0.23,-0.91,-0.76,0.09,-0.64,-0.99,-0.51,-0.94,-0.55,0.01,1.32,3.02,0.41,-0.54,-0.81,0.10,0.17,-0.67,-0.82,-0.57,-0.49,-0.22,-0.18,-0.17,-0.22,-0.51,-0.23,0.09,0.11,-0.24,-0.33,-0.50,0.02,0.03,-0.26,-0.05,-0.51,-0.81,-0.27,-0.03,-0.45,-0.33,-0.75,-1.37,-0.91,-0.02,0.06,0.09,-0.14,-0.51,-0.88,0.70,3.59,1.18,0.50,0.11,0.17,0.00,0.23,-0.38,0.04,-0.47,0.13,-0.06,-0.71,-0.84,-0.08,-0.13,-0.10,-0.35,-0.26,-0.18,-0.52,-0.53,0.32,0.42,-0.75,-0.72,-0.40,-0.40,-0.28,-0.26,-0.05,-0.03,-0.13,-0.06,-0.04,-0.02,-0.30,-0.02,0.14,0.06,0.06,0.04,-0.11,-0.04,0.16,-0.12,0.06,-0.09,-0.14,-0.12,-0.25,-0.18,-0.04,-0.12,0.11,-0.01,0.14,-0.33,-0.41,-0.05,-0.20,-0.13,-0.09,-0.30,-0.21,-0.42,-0.19,-0.06,-0.16,0.15,3.84,3.04,2.08,1.33,1.03,-0.14,-0.61,-0.32,-0.09,0.58,0.59,0.24,0.48,0.66,0.49,0.30,-0.69,-0.27,-0.13,-0.08,-0.34,0.07,-0.04,-0.07,-0.28,0.03,-0.53,-0.63,-0.66,-0.57,-0.49,-0.65,-0.48,-0.11,-0.09,-0.23,-0.20,0.12,-0.19,-0.22,-0.28,-0.45,-0.46,-0.46,-0.33,0.01,-0.35,-0.68,-0.04,0.05,-0.54,-0.41,-0.52,-0.36,-0.81,-0.63,-0.36,-0.35,-0.33,-0.35,-0.76,-0.03,-0.54,-0.14,-0.27,0.23,-0.06,0.27,-0.07,0.45,0.19,0.34,0.37,0.14,-0.20,-0.29,0.03,-0.54,-1.07,0.35,0.46,0.15,0.52,-1.01,0.97,0.50,1.97,16.97,-5.22,-3.24,-1.54,-2.21,-2.88,-1.25,-3.01,-1.54,-1.19,0.16,-2.18,-0.18,-0.83,1.55,-0.80,2.06,0.66,0.54,-0.01,-1.38,0.00,-0.71,-1.48,-2.15,-0.44,0.10,-0.38,-0.32,-0.22,0.84,-0.37,-0.31,1.77,0.40,0.23,-3.13,-2.95,-2.16,-2.15,0.53,1.61,0.43,-1.02,-0.31,1.32,-0.43,-0.39,0.13
Строительные материалы,1.04,0.74,1.15,0.73,1.43,1.05,0.98,0.96,0.63,0.69,0.59,0.60,0.69,0.95,0.77,0.87,0.85,1.30,0.95,0.85,0.70,1.13,1.12,0.81,0.49,0.57,0.61,0.89,0.75,0.75,0.86,0.81,0.66,0.76,0.52,0.44,0.62,0.52,0.62,0.56,1.59,1.25,0.77,0.57,0.78,0.56,0.56,0.32,0.41,0.51,0.61,0.54,0.72,0.61,0.79,1.69,2.06,1.51,1.03,0.42,0.63,0.69,0.88,1.30,1.43,1.45,1.84,2.72,1.91,1.24,0.69,0.40,0.70,0.82,1.10,1.31,1.48,1.19,1.08,0.92,0.84,0.81,0.42,0.04,0.23,0.55,0.60,0.14,0.14,0.01,0.07,0.01,0.13,0.07,0.08,0.04,0.04,0.01,0.11,0.07,0.20,0.43,0.57,0.90,0.74,0.66,0.52,0.31,0.49,0.44,0.57,0.64,0.86,0.86,1.00,1.06,0.74,0.50,0.29,0.21,0.17,0.24,0.43,0.57,0.73,0.67,0.67,0.61,0.43,0.20,0.09,0.16,0.15,0.13,0.25,0.31,0.34,0.29,0.25,0.26,0.13,0.16,0.19,0.03,0.13,0.21,0.49,0.60,0.46,0.39,0.25,0.24,0.19,0.17,0.33,1.19,2.67,1.73,1.74,0.80,0.50,0.34,0.24,0.32,0.53,0.42,0.44,0.22,0.49,0.60,0.54,0.66,0.76,0.59,0.51,0.45,0.28,0.25,0.26,0.22,0.24,0.18,0.23,0.26,0.27,0.13,0.27,0.25,0.34,0.29,0.33,0.25,0.24,0.31,0.45,0.43,0.51,0.56,0.52,0.42,0.44,0.34,0.30,0.30,0.47,0.44,0.27,0.32,0.34,0.25,0.17,0.08,0.16,0.12,0.06,-0.02,0.07,-0.01,0.24,0.59,0.50,0.32,0.20,0.42,0.50,0.75,0.77,0.88,0.95,1.45,1.68,2.51,4.99,6.75,5.14,0.41,-1.31,-0.72,-0.17,0.17,0.46,0.90,9.95,1.69,-0.40,-2.37,-1.86,-1.36,-0.87,-0.89,-0.67,-0.51,-0.32,-0.43,-0.04,0.18,0.74,1.08,0.88,0.95,0.87,0.83,0.32,0.28,0.33,0.49,0.64,0.91,1.15,1.01,1.11,0.49,0.37,0.40,0.36,0.37,0.46,0.52,0.51,0.42,0.15,0.30,0.13,-0.04,-0.05,-0.12,0.18,0.08,0.37,0.25,0.00
Легковые автомобили,0.99,0.01,-0.05,1.11,2.04,1.19,0.37,0.26,0.72,0.55,0.06,-0.08,0.73,0.71,0.66,1.30,1.94,1.44,0.86,0.59,0.29,-0.03,0.03,-0.04,0.16,0.31,0.52,1.09,1.53,1.07,1.47,0.73,0.23,-0.08,-0.29,0.03,0.59,-0.06,-0.10,0.11,0.25,0.39,0.74,0.74,0.67,0.72,0.50,0.36,0.19,-0.04,0.03,0.30,0.92,0.93,1.06,0.47,0.35,0.26,-0.07,-0.16,0.27,0.07,0.04,0.07,0.02,0.03,0.13,0.33,0.39,0.50,0.42,0.17,0.36,0.40,0.36,0.47,0.41,0.37,0.25,0.21,0.13,0.20,0.09,0.03,1.78,2.13,0.82,1.07,0.79,0.18,0.03,0.38,0.05,0.22,0.04,0.12,0.34,0.38,0.49,0.40,1.08,0.34,0.28,0.21,0.46,0.17,0.28,0.19,0.76,0.52,0.41,0.34,0.64,0.49,0.20,0.30,0.26,0.27,0.22,0.20,0.92,0.46,0.26,0.17,0.18,0.14,0.41,0.22,0.36,0.38,0.24,0.02,0.52,0.47,0.24,0.29,0.09,0.22,0.05,0.13,0.14,0.17,0.18,0.01,0.23,0.48,0.64,0.72,0.31,0.16,0.11,0.06,0.14,0.16,0.29,3.31,5.64,2.80,0.88,0.41,0.16,-0.10,-0.18,0.33,0.79,0.62,0.30,0.31,1.00,1.14,1.00,0.58,0.25,0.70,0.38,0.33,0.36,0.36,0.22,0.15,1.00,0.04,-0.02,0.16,0.18,0.01,0.15,0.04,0.34,0.27,0.41,0.37,0.60,0.18,0.22,0.51,0.48,0.27,0.16,0.34,0.34,0.52,0.59,0.35,1.60,0.24,0.39,0.08,0.10,0.06,0.32,0.18,-0.06,0.36,0.06,0.13,0.59,0.02,0.45,0.45,0.45,0.37,0.21,0.56,0.86,1.35,1.06,0.89,0.84,0.64,0.99,0.98,1.18,0.98,1.30,0.96,1.64,1.47,1.58,1.05,1.50,0.86,22.80,1.24,-0.55,-1.01,-0.52,-0.03,-0.09,-0.20,-0.04,0.11,0.15,0.05,0.33,0.68,0.72,1.04,1.52,1.70,1.63,1.33,1.87,0.53,0.45,0.01,-0.18,0.46,0.78,-0.04,0.20,0.56,0.14,0.81,-0.13,0.37,0.67,-0.04,-0.25,-0.44,-0.16,-0.37,-0.67,-0.45,0.02,0.15,0.19,0.60,0.87,0.18,0.28
Инструменты и оборудование,,,,,,,,,,,,,,,,,,,,,,,,,,,,,,,,,,,,,,,,,,,,,,,,,,,,,,,,,,,,,,,,,,,,,,,,,,,,,,,,,,,,,,,,,,,,,,,,,,,,,,,,,,,,,,,,,,,,,,,,,,,,,,,,,,,,,,,,,,,,,,,,,0.03,0.35,1.23,1.10,0.50,0.44,0.23,0.23,0.16,0.20,1.12,4.34,8.88,4.74,1.99,1.14,-0.37,-0.10,-0.25,0.68,1.82,1.69,0.84,0.33,1.24,1.73,1.31,1.33,0.65,0.44,0.41,0.03,-0.22,0.17,0.30,0.08,-0.09,-0.30,-0.10,-0.03,-0.05,0.02,-0.03,0.04,-0.21,0.06,-0.16,0.04,-0.07,-0.16,-0.18,0.23,0.40,0.28,-0.42,0.50,-0.12,0.51,0.54,0.18,0.95,0.14,0.27,0.31,0.15,0.21,0.03,-0.25,-0.26,-0.22,0.01,-0.02,-0.14,-0.13,1.28,1.80,0.79,0.42,-0.09,0.32,0.27,0.64,0.98,0.60,0.30,0.91,1.11,1.28,0.52,0.30,0.48,0.23,-0.25,-0.15,-0.14,0.42,0.42,1.73,25.46,-2.72,-3.77,-3.26,-1.31,-2.15,-1.69,-0.38,-0.23,0.09,0.75,-0.10,1.45,1.45,0.44,0.58,1.22,1.21,0.82,0.53,-0.45,0.23,1.22,0.53,0.45,0.24,-0.26,0.25,-0.18,0.41,-0.67,0.70,1.20,3.03,1.72,0.44,-0.30,-0.48,-0.78,-0.78,-0.90,-1.41,-0.69,-0.57,0.02,0.48,0.10,-0.34,0.09
Нефтепродукты,-1.25,-2.41,-2.72,0.92,10.68,12.26,1.51,0.07,0.15,0.64,0.21,-0.16,5.24,2.73,1.38,-0.28,-0.88,0.03,0.70,1.19,3.31,1.68,0.28,0.42,0.48,0.10,0.02,1.88,4.61,6.56,2.66,1.91,6.50,2.08,2.78,-1.69,-1.64,-0.23,0.28,3.02,1.17,0.04,1.80,2.16,7.86,0.46,0.25,-0.07,0.12,1.34,0.53,-0.08,0.33,0.31,1.09,5.25,2.67,-0.44,-0.55,-0.21,-0.10,-0.56,-0.23,0.21,0.88,0.29,0.26,1.29,0.12,0.14,2.36,3.83,1.50,0.12,1.63,4.34,3.45,4.46,3.87,-0.01,-1.58,-2.19,-5.91,-7.32,-4.16,-1.63,-2.51,-1.48,-1.48,8.50,6.82,3.47,2.32,-0.17,-0.05,-1.93,-1.39,0.39,0.55,1.06,1.43,0.32,0.92,0.43,0.09,0.40,1.61,1.33,4.24,-1.67,-0.83,0.80,5.89,1.70,0.46,1.87,0.61,0.77,0.86,-0.28,-0.28,-0.32,0.01,0.64,1.37,0.15,-0.01,0.48,1.99,2.36,0.55,-0.05,0.63,0.93,0.51,-0.28,-0.44,-0.24,0.12,2.96,1.40,0.40,0.07,-0.35,-0.13,0.38,1.41,0.75,0.49,0.56,1.58,1.52,0.93,1.05,0.72,-0.89,-0.36,-0.66,0.12,0.23,0.02,0.84,2.44,1.49,0.88,0.31,0.02,-0.74,-0.42,-0.15,0.70,0.70,0.12,0.99,1.04,0.27,0.17,0.00,0.07,0.31,0.82,0.57,0.56,0.57,0.70,1.05,0.22,0.21,0.36,0.13,0.44,1.41,0.44,0.01,0.04,1.08,5.66,2.13,-0.10,-0.18,0.18,0.39,0.24,-0.22,0.61,-0.22,-0.11,-0.02,0.26,0.63,0.20,0.13,-0.01,0.13,0.14,0.05,0.23,0.03,0.06,-0.23,-0.02,0.99,0.95,0.23,0.10,0.12,0.04,0.07,0.96,0.99,1.21,0.49,0.26,0.58,0.76,1.72,-0.37,0.54,0.92,0.75,0.87,0.13,-0.28,-0.28,-0.24,-0.18,-0.09,0.34,0.21,0.04,0.14,0.07,0.56,0.51,0.52,0.49,1.37,1.15,1.14,1.52,1.37,-1.49,0.01,0.42,0.99,0.57,0.56,0.85,0.72,0.83,1.61,0.40,0.07,0.54,1.65,1.72,1.12,0.97,0.80,0.87,0.57,0.45,0.52,0.84,1.44,2.43,-0.25,0.16,1.99,1.06,1.30
Медицинские товары,5.15,3.10,1.40,0.80,0.48,0.35,0.42,0.36,0.49,0.38,0.48,0.61,1.04,0.86,0.94,0.77,0.53,0.39,0.34,0.38,0.47,0.60,0.52,0.61,0.99,0.50,0.12,0.09,0.16,0.04,0.24,0.27,0.23,0.28,0.11,0.05,0.10,0.31,0.33,0.47,0.37,0.14,0.28,0.23,0.16,0.32,0.23,0.25,0.33,0.16,0.12,0.15,0.12,0.06,0.13,0.23,0.28,0.36,0.56,0.29,0.25,0.29,0.37,0.39,0.28,0.06,0.19,0.22,0.37,0.89,0.99,0.55,0.69,0.91,0.96,0.71,0.95,1.03,0.98,1.01,1.30,1.87,1.98,1.81,2.78,4.73,4.86,3.00,0.54,0.03,-0.63,-0.51,-0.18,0.31,0.40,0.47,-0.11,-0.57,-0.41,-0.97,-0.65,-0.26,-0.31,-0.11,0.25,0.81,0.74,0.47,0.66,0.85,0.99,0.55,0.28,0.16,0.13,0.17,0.47,0.77,0.76,0.53,0.71,0.58,0.60,0.70,0.45,0.35,0.48,0.35,0.41,0.52,0.34,0.43,0.79,0.99,0.71,0.91,0.89,0.57,0.46,0.47,0.51,0.89,0.38,0.23,0.30,0.66,1.04,1.11,1.08,0.98,1.03,1.00,1.07,1.17,0.93,1.37,6.56,4.75,2.30,1.06,0.41,0.44,0.37,0.52,0.71,0.95,0.70,0.26,0.62,0.62,0.28,0.11,0.27,0.15,0.32,0.45,0.35,0.94,0.67,0.36,0.84,0.21,-0.31,-0.49,-0.47,-0.61,-0.39,-0.45,-0.49,-0.20,-0.26,-0.17,0.27,0.20,0.34,0.43,0.41,0.31,0.28,0.28,0.31,0.42,0.52,0.64,0.77,0.73,0.45,0.66,0.59,0.47,0.37,0.33,0.41,0.46,0.64,0.62,0.53,0.36,1.15,3.00,0.59,-0.10,0.13,0.37,0.89,0.95,1.07,0.71,0.49,0.42,0.22,0.32,0.28,0.15,0.31,0.03,0.30,0.81,0.39,0.31,0.19,0.71,10.08,-0.55,-0.89,-0.64,-0.25,-0.07,0.49,0.63,0.26,0.70,0.76,0.25,0.11,-0.03,0.22,0.61,0.66,0.78,1.05,1.03,0.65,0.96,1.56,0.83,0.97,0.90,0.92,0.55,0.49,0.41,1.20,1.01,0.47,0.35,0.67,0.82,1.23,0.86,0.70,0.58,0.43,0.33,1.06,1.01,0.42,0.82,0.71,0.69,0.84
Услуги,2.76,2.64,3.84,2.66,1.49,1.90,2.16,2.82,3.26,3.27,2.72,1.74,1.25,4.02,1.79,2.00,1.80,1.34,2.06,0.81,1.34,1.41,1.10,1.29,0.71,1.50,0.74,2.33,1.68,1.08,1.56,1.18,1.19,1.88,1.53,1.04,2.63,2.33,1.69,1.49,1.40,1.40,1.44,1.26,1.73,1.62,1.48,1.26,1.48,1.00,1.07,1.10,1.07,0.99,0.99,1.08,0.98,1.16,1.07,1.17,0.75,2.65,0.94,0.92,0.81,0.84,0.90,0.83,0.85,0.81,1.07,1.06,1.26,1.50,1.08,1.37,1.28,1.34,1.14,1.23,1.49,0.79,1.22,0.98,1.72,1.64,1.11,0.78,0.63,0.71,1.04,0.85,0.85,0.75,0.71,0.98,0.13,1.24,0.69,0.57,0.53,0.57,0.65,0.63,0.67,0.62,0.69,0.53,0.83,1.07,0.62,0.78,0.78,0.73,0.61,0.61,0.59,0.76,0.60,0.60,0.08,0.24,0.59,0.43,0.59,0.67,0.75,0.63,1.49,0.54,0.43,0.43,0.53,0.57,0.46,0.68,0.86,0.51,0.62,1.00,0.62,0.62,0.63,0.70,0.30,0.54,0.65,0.85,0.68,0.62,0.29,0.64,0.71,1.04,1.41,2.09,2.13,1.01,0.55,0.22,0.49,0.73,1.04,1.38,0.48,0.53,0.58,0.68,0.90,0.45,0.25,0.35,0.34,0.31,0.54,0.37,0.42,0.30,0.33,0.23,0.44,0.39,0.20,0.30,0.33,0.35,0.43,0.36,0.50,0.26,0.37,0.33,-0.03,0.27,0.31,0.46,0.30,0.36,0.25,0.32,0.62,0.38,0.23,0.36,1.02,0.34,0.29,0.36,0.32,0.30,-0.10,0.22,0.17,0.26,0.37,0.17,0.23,0.40,0.23,0.27,0.37,-0.17,-0.01,0.30,0.16,0.30,0.28,0.34,0.31,0.26,0.22,0.42,0.69,0.27,0.09,0.33,0.44,0.57,0.60,0.81,0.66,1.02,3.72,1.12,-0.15,0.50,0.48,0.59,0.87,0.87,0.54,1.75,0.87,0.57,0.67,0.80,0.65,0.57,0.67,0.67,1.03,0.97,1.04,0.61,0.51,0.76,0.61,0.92,0.77,0.64,2.10,0.99,0.90,1.00,1.30,0.70,1.53,0.53,0.61,0.54,0.49,0.35,2.27,0.38,0.70,0.46,0.50,0.72,1.62,0.76,0.70
- без ЖКХ,3.82,1.74,1.76,1.64,1.31,1.26,1.43,1.49,3.04,3.10,2.29,1.41,1.78,1.20,1.06,1.19,1.50,1.21,2.42,1.28,0.90,1.03,0.77,1.11,0.37,0.74,0.74,1.92,1.10,0.80,1.10,1.01,0.98,2.04,1.42,0.83,1.99,1.13,0.99,0.93,1.04,1.14,1.08,0.93,1.64,1.43,1.15,0.96,1.08,0.89,0.96,1.16,0.94,0.81,0.85,1.01,0.87,1.10,0.85,1.08,0.62,3.22,0.85,1.02,0.73,0.79,0.79,0.74,0.74,0.68,0.97,1.03,1.36,1.29,1.03,1.43,1.33,1.47,1.14,1.26,1.65,0.57,1.09,0.85,1.91,1.06,1.04,0.52,0.28,0.45,0.76,0.67,0.66,0.33,0.39,0.82,0.08,0.97,0.57,0.32,0.33,0.39,0.50,0.44,0.52,0.45,0.41,0.24,0.98,0.75,0.50,0.65,0.82,0.69,0.49,0.50,0.44,0.71,0.39,0.44,-0.07,0.17,0.67,0.50,0.63,0.76,0.68,0.60,0.72,0.39,0.29,0.34,0.45,0.54,0.42,0.74,0.98,0.42,0.66,0.61,0.49,0.36,0.58,0.91,0.27,0.65,0.75,1.14,0.46,0.62,0.45,0.63,0.62,0.93,1.00,2.69,2.74,1.09,0.50,-0.09,0.43,0.77,0.82,1.62,0.39,0.39,0.57,0.71,1.11,0.50,0.22,0.35,0.33,0.27,0.27,0.40,0.46,0.20,0.31,0.15,0.39,0.46,0.10,0.28,0.32,0.36,0.36,0.32,0.66,0.20,0.36,0.30,0.04,0.23,0.30,0.54,0.28,0.37,0.16,0.28,0.79,0.37,0.16,0.39,0.45,0.35,0.29,0.37,0.31,0.30,0.23,0.19,0.11,0.27,0.42,0.07,0.06,0.47,0.20,0.26,0.43,-0.42,0.15,0.19,0.04,0.29,0.24,0.31,0.32,0.25,0.20,0.45,0.87,0.22,0.07,0.32,0.51,0.66,0.69,1.09,0.87,1.00,5.68,1.59,-0.43,0.60,0.42,0.76,1.20,1.22,0.65,0.97,0.66,0.66,0.81,1.01,0.79,0.64,0.79,0.74,1.28,1.16,1.13,0.68,0.55,0.88,0.63,1.13,0.93,0.68,0.81,1.14,1.09,1.29,1.79,0.87,1.31,0.63,0.77,0.61,0.49,0.34,0.46,0.43,0.91,0.53,0.57,0.89,1.24,0.94,0.89
Бытовые услуги,2.28,1.95,2.17,1.62,1.66,1.69,1.50,1.39,1.35,1.34,1.30,1.55,1.75,2.13,1.26,1.36,1.26,1.33,1.38,1.36,1.53,1.26,1.38,1.20,0.83,1.02,0.98,1.44,1.26,1.05,1.15,1.02,1.10,0.93,1.31,1.09,1.07,1.94,1.04,1.19,1.49,1.01,0.99,0.93,1.34,1.20,1.01,1.11,1.22,1.18,1.24,0.96,0.94,0.95,0.91,0.95,0.98,0.90,1.08,1.13,0.90,0.82,1.42,1.24,1.10,1.20,1.03,1.01,1.06,1.50,1.15,1.12,1.57,1.63,1.74,1.46,1.45,1.49,1.11,1.64,1.17,1.36,1.46,1.16,1.85,1.05,0.76,0.61,0.79,0.54,0.77,0.76,0.56,0.57,0.56,0.67,0.52,0.44,0.37,0.43,0.43,0.43,0.48,0.59,0.53,0.50,0.60,0.53,1.49,0.72,0.78,0.87,0.70,0.89,0.80,0.59,0.57,0.51,0.49,0.48,0.32,0.53,0.27,0.32,0.43,1.37,0.77,0.60,0.62,0.77,0.64,0.46,0.65,0.46,0.49,0.73,0.54,0.68,0.72,0.53,0.53,0.46,0.96,0.55,0.23,0.33,0.26,0.51,0.54,0.58,0.63,0.74,0.54,0.50,0.39,0.69,1.19,0.84,0.79,0.70,0.63,0.40,0.53,0.54,0.65,0.58,0.45,0.32,0.35,0.43,0.28,0.25,0.31,0.61,0.47,0.47,0.44,0.45,0.42,0.50,0.26,0.22,0.30,0.21,0.27,0.20,0.25,0.20,0.23,0.24,0.25,0.23,0.15,0.21,0.19,0.25,0.18,0.27,0.23,0.25,0.27,0.26,0.26,0.30,0.42,0.31,0.22,0.30,0.25,0.26,0.21,0.27,0.18,0.19,0.19,0.21,0.13,0.23,0.22,0.12,0.27,0.37,0.46,0.37,0.28,0.23,0.22,0.27,0.29,0.46,0.51,0.47,0.53,0.52,0.44,0.67,0.69,0.57,0.84,0.70,0.71,0.60,3.16,1.63,1.05,0.49,0.62,0.43,0.43,0.42,0.47,0.49,0.43,0.53,0.50,0.60,0.44,0.73,0.56,0.68,0.91,0.88,1.25,0.68,0.60,0.63,0.76,0.90,0.95,0.74,0.89,0.81,0.92,1.14,0.91,0.95,1.10,1.04,0.93,0.89,0.93,0.87,0.85,0.90,0.74,0.80,0.90,1.04,1.11,1.03,1.12
Услуги пассажирского транспорта,-0.96,1.57,1.47,1.67,1.25,1.32,1.20,1.77,3.28,5.73,3.31,1.57,2.65,0.65,1.20,0.87,0.88,0.79,1.15,0.95,0.21,0.69,-0.14,1.30,1.22,0.22,0.91,4.26,1.16,0.70,0.86,1.43,0.73,1.57,1.44,0.24,4.01,0.47,0.72,0.71,1.03,1.83,1.40,1.23,1.49,1.48,1.21,1.17,1.56,1.07,1.22,1.72,1.20,0.83,0.92,1.13,0.92,1.91,0.83,1.75,0.12,3.00,0.50,1.90,0.53,0.83,0.63,0.77,0.18,-0.36,1.48,1.87,2.01,2.66,0.75,2.34,1.91,2.44,1.19,1.99,3.19,-1.08,1.64,-0.63,2.58,-0.05,0.61,0.52,0.44,0.33,0.87,0.56,1.97,0.75,0.45,1.77,-0.44,0.60,1.15,0.58,0.33,0.43,0.74,0.55,0.79,0.54,0.70,-0.10,0.97,0.92,0.39,1.18,1.53,1.14,0.85,0.33,-0.33,1.58,1.02,0.93,-1.45,-0.29,0.80,0.52,1.27,1.26,0.98,0.51,0.85,0.20,-0.48,1.04,0.77,0.89,-1.45,0.88,3.33,0.29,0.48,0.67,0.45,0.36,0.74,2.04,-1.14,0.56,0.51,2.15,-0.59,0.48,0.25,0.69,0.62,0.76,0.70,1.03,1.33,2.21,0.79,0.17,0.29,0.98,0.62,0.74,0.77,0.92,1.87,0.02,0.41,0.54,0.57,0.92,0.63,0.12,0.65,0.43,0.93,0.40,0.37,0.15,1.66,2.11,-0.90,0.21,0.28,0.61,0.41,0.54,0.39,0.49,0.39,0.31,-0.74,0.28,0.23,0.36,0.46,0.88,0.20,0.34,0.36,0.27,0.45,0.69,0.81,0.63,0.67,0.34,0.31,0.65,1.20,0.80,-0.04,0.30,0.13,0.17,0.02,0.51,-1.07,0.69,0.87,-1.99,0.19,0.46,0.67,-0.24,0.20,0.85,0.91,1.17,0.67,0.41,0.18,0.16,0.65,0.28,1.03,1.25,-0.32,2.81,0.70,0.88,0.71,1.35,0.29,1.27,0.94,0.96,0.72,0.77,0.76,1.30,0.99,1.00,1.33,1.23,1.33,1.05,1.31,1.28,1.43,1.81,1.40,1.39,-0.99,1.95,1.11,0.42,2.27,0.80,2.02,0.86,1.54,0.94,1.40,1.00,1.46,0.88,1.35,1.48,-0.44,1.29,0.30,0.99,0.73,0.82,0.91,0.54,1.19,0.71,0.87
Услуги связи,17.95,0.49,0.20,0.32,0.59,0.10,1.28,0.25,5.92,2.86,2.89,0.75,0.90,-0.05,-0.40,0.79,2.67,1.18,9.84,2.74,0.15,-0.03,-0.04,-0.07,-2.96,-0.14,-0.05,0.62,0.22,0.04,-0.01,-0.08,1.68,7.68,2.16,0.65,0.50,-0.05,-0.18,0.08,0.12,0.14,0.53,0.22,3.46,2.45,1.46,0.05,0.40,0.19,-0.14,-0.29,-0.10,0.24,0.45,0.71,0.30,0.08,0.08,0.20,0.04,10.27,0.09,-0.06,0.05,0.09,0.09,0.01,0.18,-0.08,0.00,0.07,0.29,-0.44,-0.02,0.02,-0.22,0.16,0.36,0.18,0.80,0.28,0.02,0.58,0.16,-0.22,2.37,0.17,-0.27,-0.15,0.25,0.35,-0.09,0.17,0.09,0.01,0.36,2.35,0.13,-0.03,-0.20,-0.05,-0.31,-0.12,0.26,0.12,-0.20,-0.08,1.48,1.03,0.03,-0.20,0.03,0.04,0.01,0.27,0.07,0.25,-0.08,0.14,-0.07,-0.05,1.15,0.43,0.00,0.04,0.12,0.07,-0.05,-0.01,0.11,0.00,-0.08,0.21,1.50,0.18,0.07,0.02,0.01,0.07,0.13,0.04,0.06,-0.02,0.06,0.05,0.31,0.37,0.00,0.05,0.04,-0.04,0.11,0.22,-0.03,0.12,0.76,0.26,0.29,0.42,0.26,0.14,0.05,0.13,0.20,0.15,0.12,0.07,0.18,0.15,0.94,0.45,0.33,0.17,0.05,0.21,0.29,0.20,0.34,0.30,0.10,0.26,0.22,0.61,1.18,0.91,0.50,0.21,0.18,0.11,0.17,0.13,0.14,0.03,0.35,0.27,0.29,0.19,0.11,0.07,0.30,0.31,0.07,0.23,0.69,0.30,0.28,0.49,-0.01,0.36,0.45,0.01,0.03,0.56,0.80,0.13,0.12,1.30,0.83,0.39,1.25,0.33,0.19,-0.25,-0.60,-0.25,0.06,-0.32,0.00,0.17,0.10,-0.02,0.18,-0.04,-0.23,-0.27,0.14,0.21,1.21,1.95,0.26,0.09,-0.25,1.24,1.13,0.83,0.55,0.14,2.04,0.95,0.37,1.44,0.31,0.12,0.13,0.90,0.23,0.12,0.23,0.09,2.20,1.33,0.08,0.16,0.18,1.05,0.22,3.42,0.25,-0.25,0.12,-0.14,0.96,0.42,6.78,0.34,0.13,0.09,0.29,0.45,-0.32,-0.25,0.48,-0.80,0.14,0.08,0.20,0.17,1.14,0.36,0.39
Жилищно-коммунальные услуги,1.40,3.82,6.59,4.01,1.71,2.75,3.13,4.57,3.52,3.50,3.29,2.17,0.60,7.41,2.67,2.99,2.17,1.50,1.64,0.25,1.79,1.83,1.50,1.51,1.23,2.65,0.74,2.96,2.58,1.49,2.25,1.42,1.45,1.63,1.69,1.37,3.70,4.33,2.86,2.41,1.99,1.83,2.07,1.82,1.84,1.92,2.03,1.79,2.14,1.18,1.28,1.09,1.34,1.33,1.26,1.25,1.15,1.28,1.45,1.35,0.98,1.76,1.11,0.78,0.97,0.96,1.10,1.03,0.99,1.03,1.24,1.15,1.07,1.91,1.21,1.28,1.25,1.19,1.18,1.21,1.14,1.20,1.46,1.24,1.32,2.81,1.33,1.34,1.41,1.33,1.72,1.27,1.24,1.60,1.40,1.34,0.23,1.76,0.96,1.06,0.94,0.99,1.02,1.02,0.95,0.95,1.25,1.12,0.56,1.67,0.87,1.08,0.77,0.84,0.87,0.84,0.82,0.86,1.00,0.91,0.34,0.35,0.45,0.30,0.51,0.50,1.00,0.68,2.87,0.79,0.70,0.62,0.69,0.62,0.52,0.59,0.62,0.62,0.73,1.72,0.65,0.84,0.70,0.75,0.36,0.33,0.45,0.26,1.12,0.62,0.00,0.67,0.89,1.27,2.26,0.98,0.94,0.84,0.65,0.84,0.60,0.63,1.63,0.93,0.67,0.78,0.59,0.63,0.49,0.34,0.31,0.34,0.37,0.39,1.09,0.31,0.34,0.49,0.36,0.38,0.54,0.28,0.37,0.35,0.35,0.34,0.56,0.44,0.22,0.37,0.38,0.39,-0.14,0.33,0.32,0.33,0.33,0.35,0.40,0.39,0.32,0.39,0.37,0.30,2.06,0.31,0.29,0.33,0.32,0.30,-0.70,0.29,0.28,0.23,0.28,0.33,0.52,0.28,0.28,0.30,0.27,0.28,-0.32,0.47,0.38,0.33,0.36,0.39,0.29,0.26,0.27,0.36,0.36,0.36,0.11,0.35,0.33,0.40,0.43,0.33,0.32,1.04,0.53,0.32,0.34,0.33,0.59,0.29,0.29,0.26,0.34,3.12,1.23,0.41,0.42,0.43,0.43,0.43,0.45,0.54,0.61,0.64,0.87,0.51,0.44,0.54,0.58,0.54,0.46,0.57,4.60,0.71,0.55,0.49,0.42,0.39,1.94,0.34,0.32,0.40,0.48,0.38,5.84,0.30,0.31,0.33,0.37,0.42,2.35,0.41,0.34
Услуги гостиниц и прочих мест проживания,3.94,1.97,1.62,1.98,1.90,2.22,1.58,1.65,1.75,1.40,1.78,1.75,1.71,1.93,1.74,1.56,1.64,1.28,1.84,1.17,5.46,2.26,1.34,1.47,0.77,1.09,1.42,1.32,1.19,1.31,1.23,2.32,3.08,0.63,1.76,1.10,2.08,1.16,1.41,1.26,1.20,1.10,1.24,1.08,3.28,0.92,1.01,1.18,1.19,1.21,1.12,1.11,0.91,1.20,1.17,1.10,1.04,0.77,0.90,1.15,0.85,1.08,1.15,0.97,1.45,1.07,1.02,0.75,3.88,1.51,1.35,0.97,2.08,1.41,1.31,1.46,1.21,0.79,1.34,1.31,1.59,1.01,1.05,0.90,1.12,1.43,0.85,0.78,0.71,0.68,0.56,0.52,0.87,0.40,0.75,1.23,0.28,0.55,0.76,0.69,0.48,0.26,0.68,0.68,-0.23,0.18,0.61,0.65,0.67,0.45,0.65,0.67,0.83,1.45,0.73,0.66,1.12,0.82,0.72,0.49,0.38,0.41,0.83,0.60,0.71,0.39,1.11,0.74,-0.01,1.00,-0.41,0.49,0.12,0.84,0.65,0.43,0.67,0.67,0.37,0.42,11.89,12.48,1.49,0.36,0.65,0.07,-0.05,0.51,0.32,0.67,0.08,0.45,-2.52,-0.03,0.13,0.58,0.67,0.30,0.45,0.54,0.30,0.42,0.87,0.54,0.79,0.48,0.44,0.46,0.71,0.43,0.12,0.26,0.34,0.63,0.51,0.43,1.19,1.40,0.51,0.23,-0.25,0.26,0.25,0.26,0.10,0.05,0.54,0.39,2.16,0.32,0.46,0.27,-0.22,0.12,0.40,0.27,1.39,3.79,-2.02,-0.17,0.07,-0.11,-0.02,0.13,0.29,-0.01,0.11,0.10,0.19,0.45,0.71,-0.30,0.51,-0.03,0.41,-0.08,-0.17,-0.45,0.08,-0.08,-0.86,-0.24,2.57,2.19,-1.09,0.24,-0.17,0.46,1.54,1.19,3.45,4.91,5.82,-1.93,-4.76,3.58,0.77,2.44,-6.06,1.54,0.24,0.31,-0.09,0.88,0.24,0.86,1.03,1.01,0.32,0.18,0.17,0.18,0.40,0.21,0.78,0.37,0.79,1.25,1.27,1.22,0.78,0.41,0.56,0.93,0.38,1.65,1.36,0.88,1.21,1.47,1.50,1.06,-0.56,1.72,0.32,-0.44,0.67,1.11,0.71,3.05,0.74,-0.25,-0.19,-1.31,0.78,0.92,1.29,1.21,1.20,0.36,0.77
Услуги в системе образования,3.67,1.99,2.05,1.98,1.77,1.71,1.87,0.92,2.89,1.59,1.60,1.55,1.41,1.50,1.43,1.43,1.42,1.52,1.35,1.39,1.36,1.37,1.40,1.34,1.23,1.56,1.29,1.20,1.37,1.25,1.57,1.33,0.11,1.18,1.19,1.14,1.85,1.42,1.28,1.19,1.27,1.12,1.32,1.17,1.19,1.21,1.18,1.32,1.25,1.25,1.28,2.14,1.35,1.25,1.07,1.30,1.24,1.35,1.17,1.27,1.24,1.07,1.28,1.13,1.13,1.19,1.25,1.15,1.13,1.29,1.28,1.21,1.34,1.21,1.24,1.45,1.28,1.28,1.27,1.22,1.38,1.16,1.34,1.21,1.25,1.14,0.70,0.75,0.69,0.75,0.66,0.64,0.75,0.60,0.57,0.45,0.32,0.24,0.40,0.34,0.48,0.45,0.47,0.37,0.33,0.43,0.49,0.42,0.51,0.53,0.48,0.49,0.60,0.70,0.41,0.61,0.46,0.56,0.56,0.56,0.37,0.55,0.60,0.56,0.58,0.65,0.90,1.18,1.94,0.62,0.54,0.71,0.51,0.46,0.60,0.82,0.56,0.59,0.58,0.75,0.71,0.64,0.62,0.65,1.60,0.80,0.79,0.82,0.87,0.97,0.94,0.90,1.13,1.26,1.25,1.29,2.76,0.96,0.67,0.58,0.39,0.34,0.53,1.31,0.79,0.58,0.53,0.45,1.23,0.38,0.32,0.40,0.56,0.62,0.48,0.52,0.08,0.36,0.46,0.37,0.42,0.41,0.38,0.44,0.40,0.40,0.33,0.46,2.29,0.34,0.32,0.42,0.32,0.43,0.38,0.36,0.42,0.40,0.43,0.33,2.74,0.43,0.41,0.37,0.56,0.40,0.44,0.36,0.43,0.41,0.37,0.25,0.44,0.48,0.37,0.44,0.28,0.35,0.41,0.25,0.35,0.30,0.40,0.38,-1.86,0.37,0.37,0.44,0.38,0.46,0.40,0.63,0.49,0.47,0.47,0.43,0.03,0.38,0.55,0.44,0.50,0.47,0.56,0.55,0.53,0.53,0.50,0.47,0.46,0.51,0.44,0.52,0.50,0.47,0.46,0.48,0.52,0.49,0.50,0.52,1.98,0.58,0.62,0.52,0.53,0.56,0.53,0.55,0.53,0.61,0.58,0.64,2.98,0.54,0.55,0.65,0.60,0.57,0.61,0.58,0.58,0.61,0.60,0.58,3.55,0.65,0.58,0.57,0.68,0.67,0.60
Услуги организаций культуры,2.67,2.29,2.65,2.22,2.42,2.18,2.01,2.26,3.87,2.43,1.46,2.16,1.43,1.72,1.21,1.38,1.49,1.54,1.88,1.49,1.74,3.16,1.67,1.22,1.93,1.39,1.04,1.86,1.33,1.64,1.39,1.30,1.51,1.51,1.88,1.55,1.80,1.62,2.24,1.19,1.53,1.25,1.02,1.30,0.82,0.98,1.20,1.42,1.33,1.07,1.41,1.14,1.05,1.25,1.31,1.06,1.53,1.31,1.03,1.00,0.87,1.25,0.59,1.70,1.14,1.01,1.32,1.06,1.24,1.03,1.46,0.87,0.64,0.92,1.26,0.95,1.11,1.28,0.97,1.60,1.76,1.86,0.99,1.23,0.91,1.45,1.38,1.04,1.30,0.82,0.80,0.92,0.12,0.54,0.65,0.99,0.71,0.89,0.42,0.39,0.75,0.90,0.74,0.64,0.96,0.47,0.84,0.71,1.21,0.75,0.96,1.27,0.72,0.86,1.21,0.59,1.10,1.21,0.33,0.54,0.48,0.77,0.68,0.80,0.78,0.66,0.92,1.11,0.52,0.46,1.02,0.26,0.75,0.74,0.84,0.78,0.67,0.88,0.58,0.60,0.79,0.56,1.35,1.48,0.70,0.80,1.12,0.80,0.75,0.61,0.46,0.64,0.60,0.73,1.14,1.24,1.02,0.65,0.61,0.58,0.33,0.55,0.98,0.53,0.59,0.61,0.17,0.42,0.97,0.54,0.42,0.43,1.25,0.37,0.50,0.28,0.16,0.33,0.20,0.24,-0.03,0.36,0.23,0.36,0.11,0.77,0.31,0.87,0.59,0.28,0.33,0.22,0.27,0.25,0.18,0.19,0.20,0.21,0.13,0.21,0.35,0.19,0.17,0.22,0.27,0.30,0.33,0.29,0.37,0.43,0.29,0.21,0.34,0.42,0.53,0.41,0.26,0.03,0.15,0.21,0.12,0.15,0.32,0.38,0.19,0.19,0.16,0.25,1.18,0.67,0.52,0.38,0.62,0.48,0.31,0.21,0.37,0.60,0.40,2.30,0.14,0.29,0.16,0.35,0.12,0.08,0.35,0.42,0.28,0.26,0.36,0.37,0.52,0.38,1.55,0.29,0.29,0.48,0.31,0.46,2.16,0.61,0.61,0.86,0.94,0.79,0.98,0.18,1.13,1.17,0.12,0.96,1.97,1.33,1.96,0.96,1.42,1.66,1.40,0.14,1.21,1.21,1.25,0.94,1.05,1.18,1.16,1.16,2.72,-0.34,0.11
Услуги в сфере зарубежного туризма,1.14,1.13,1.41,0.54,-0.30,0.28,0.17,0.55,0.50,1.03,0.70,0.59,0.60,0.17,0.15,0.77,2.30,-1.32,-0.74,-1.01,1.79,0.57,0.91,0.70,-0.44,-0.32,-0.21,-0.23,0.19,0.37,1.53,0.81,-0.61,1.25,0.49,-0.03,-0.47,-0.04,0.47,0.51,0.38,0.45,0.74,0.08,-0.02,0.22,0.00,0.05,-0.51,-0.48,0.32,1.05,1.49,-0.28,0.45,0.61,-0.34,0.50,0.68,0.74,-0.12,0.13,0.99,1.12,0.60,0.28,0.99,0.51,-0.07,0.65,0.73,0.24,0.20,0.61,1.43,2.53,3.76,2.14,2.03,1.45,1.60,0.46,0.55,4.14,6.85,5.54,0.26,-1.09,-2.77,-0.45,0.99,0.62,-1.31,-1.28,-0.89,1.46,-2.15,-0.98,-0.08,-0.44,0.21,0.25,1.84,0.29,1.09,1.02,0.07,-0.85,-0.31,-0.17,0.74,1.02,2.01,0.23,-0.60,0.99,1.51,0.77,-0.44,-0.43,-0.91,-1.03,0.43,0.77,1.42,1.74,0.39,0.92,0.27,0.18,-0.01,-0.79,-0.09,0.40,0.99,1.86,1.02,0.75,1.53,1.79,0.87,0.07,-0.12,-0.24,0.36,2.43,3.35,2.56,1.05,1.22,0.46,0.79,0.64,2.47,3.45,17.26,6.00,0.88,-1.45,-4.96,0.50,3.64,3.04,8.91,-1.08,-0.55,0.17,3.88,5.06,1.10,-2.08,-0.70,-0.63,-0.44,-0.90,0.80,0.37,-0.56,-0.13,-1.34,-0.88,-0.61,0.78,0.01,-0.26,0.90,0.58,0.38,0.90,0.07,1.37,0.80,-0.36,0.75,1.15,3.26,0.10,0.21,0.09,1.08,1.94,0.36,-0.20,1.05,-0.58,-0.01,0.00,0.15,1.41,0.29,-1.15,-0.87,-0.12,0.77,1.73,-1.25,-0.68,0.11,0.84,0.28,-0.52,-1.61,-1.50,-0.76,1.70,1.57,0.48,-0.29,-0.44,-1.81,-0.62,-0.02,1.91,-0.09,-0.01,-0.15,0.70,1.88,2.75,0.38,3.16,4.34,32.28,2.30,-3.63,5.05,1.84,3.81,0.79,5.06,2.23,2.71,2.53,1.53,4.89,3.43,4.21,0.24,3.67,-0.26,1.13,0.89,1.22,-0.16,-0.65,2.47,0.64,0.49,2.53,1.67,-0.01,2.78,1.98,-1.14,0.72,2.60,1.23,-3.93,-0.85,-0.24,1.02,-0.88,0.43,-0.24,1.25,-0.73,-1.04,0.27,0.89,4.33,1.30
Экскурсионные услуги,2.10,1.52,1.45,2.90,1.52,1.37,0.85,0.93,2.25,0.69,1.07,0.21,1.71,1.47,2.17,0.71,1.06,2.72,0.37,0.34,0.82,2.89,1.22,0.09,1.35,1.00,0.81,0.92,6.14,0.81,1.86,0.57,3.57,4.04,0.89,0.44,1.70,0.77,2.33,3.18,1.44,0.75,0.36,0.59,1.71,1.15,0.13,0.44,1.62,0.96,0.51,0.17,0.40,0.77,0.00,0.06,0.47,0.97,0.86,0.14,0.42,0.82,1.70,0.98,1.61,1.22,1.80,0.30,2.32,1.27,1.59,0.57,2.44,2.09,3.69,2.09,0.83,3.21,1.88,0.34,0.98,0.83,0.88,1.10,1.80,0.34,2.31,0.85,1.55,0.27,0.14,1.60,0.40,0.32,0.24,-0.14,0.41,0.46,0.25,0.63,1.31,0.03,0.29,0.27,0.43,0.45,0.08,0.05,1.32,0.86,-0.51,-0.28,1.01,1.08,0.56,0.24,0.46,0.64,0.16,0.80,0.42,0.11,0.57,0.78,0.65,0.30,2.91,0.10,0.26,1.61,0.58,0.17,2.14,1.59,0.45,0.75,2.70,1.19,1.46,0.65,0.58,0.82,0.54,1.18,0.05,0.48,1.73,0.76,2.47,0.90,2.86,0.17,0.30,0.43,1.76,0.78,2.47,0.34,0.67,-0.61,0.23,1.22,0.52,0.77,0.33,0.58,0.03,0.37,0.23,0.67,0.93,0.79,2.47,0.58,0.54,0.20,0.38,0.28,0.16,0.16,0.73,-0.37,-0.74,0.24,0.84,0.52,0.12,0.48,0.14,-0.20,0.43,0.12,2.18,0.14,0.13,0.75,0.84,0.95,0.33,0.39,2.33,0.18,0.38,0.39,0.47,0.28,0.32,0.44,0.34,0.23,0.43,0.14,0.13,0.61,-0.12,0.12,0.14,0.21,0.56,0.00,0.00,0.01,-0.41,0.82,0.23,0.18,0.12,0.00,0.49,0.30,-0.30,0.81,3.06,0.38,0.42,0.49,-0.10,-1.06,0.09,0.61,0.96,1.09,0.74,1.63,-6.96,1.16,2.23,2.84,2.61,3.27,1.12,2.81,2.18,3.28,2.55,2.16,1.96,2.43,1.03,0.74,0.74,0.45,2.83,0.25,1.81,0.09,1.95,0.66,1.54,0.98,1.29,1.19,0.99,0.84,0.87,1.35,0.39,1.19,0.23,0.95,0.39,0.68,0.63,0.35,0.71,0.44,0.09,0.42,0.76,0.40,0.50
Санаторно-оздоровительные услуги,3.75,1.57,2.22,2.73,1.00,-0.13,1.48,1.24,1.96,1.83,1.52,0.98,1.31,1.53,1.45,1.61,1.98,3.10,0.10,0.64,1.01,2.69,0.98,1.19,0.05,1.05,0.11,1.03,0.97,0.48,2.93,0.94,1.58,0.52,1.18,1.28,0.43,0.76,0.83,0.74,0.63,0.90,0.37,1.45,1.21,1.01,1.13,1.21,2.14,1.31,0.94,1.50,1.10,0.97,0.83,1.33,1.00,1.28,1.14,0.73,0.40,1.29,1.05,1.14,1.85,-0.53,1.30,1.51,2.17,1.59,1.14,1.66,3.03,1.50,1.56,1.30,1.07,3.36,2.22,0.98,0.80,1.47,1.00,1.15,1.50,1.50,1.20,0.41,0.67,1.27,0.86,0.54,0.73,-0.89,0.84,0.51,-1.58,0.30,1.33,0.11,1.16,0.96,0.13,1.43,-0.50,0.37,0.77,0.88,0.61,0.60,0.40,0.68,0.91,1.66,1.23,0.65,0.94,0.62,-0.32,0.60,0.63,0.61,0.49,0.68,0.43,-0.94,0.64,0.63,0.85,0.25,1.00,0.37,0.74,0.51,0.84,0.33,0.23,0.12,1.06,0.44,-0.30,0.09,0.94,0.46,0.01,0.26,0.62,0.63,0.87,1.51,-0.42,0.57,1.35,1.11,0.17,0.56,1.54,1.36,1.08,0.86,0.97,1.18,0.57,1.15,-0.18,1.17,1.76,1.68,1.26,0.72,0.78,1.00,0.72,-0.55,0.01,0.36,1.63,0.42,0.35,0.10,0.08,0.39,-0.16,0.31,0.16,-2.88,1.30,0.74,0.83,0.54,0.52,0.47,-0.33,0.27,0.67,0.24,0.63,0.76,0.82,0.37,0.19,0.33,-0.03,0.23,0.33,0.47,0.37,0.60,0.31,-0.41,-0.33,0.48,-0.01,0.34,0.73,0.33,0.11,0.34,0.36,0.29,-0.70,-3.16,5.86,0.97,-2.09,0.97,0.56,0.76,0.45,0.56,0.19,0.55,0.92,1.25,0.26,0.14,-0.47,0.70,0.91,0.95,0.92,0.66,1.07,0.99,1.74,1.19,0.35,0.75,1.50,0.70,0.32,0.52,0.58,1.15,0.62,0.54,0.21,0.59,0.69,1.56,1.03,0.64,0.74,0.86,2.27,0.99,0.90,0.84,0.58,0.82,1.68,0.85,0.16,3.04,-1.56,0.89,1.30,1.13,1.34,4.78,2.38,-6.30,-3.51,0.85,2.35,2.13,2.28,2.01,0.99,1.50,2.04
Медицинские услуги,4.72,4.51,3.45,2.11,1.93,1.48,1.37,2.10,1.58,1.62,1.04,1.16,1.77,1.78,1.05,1.06,1.62,1.73,1.94,1.57,1.50,1.67,2.36,1.98,1.01,1.14,1.09,1.54,0.99,1.03,1.09,1.26,1.09,0.96,1.46,1.52,1.54,1.76,2.04,1.36,1.32,1.37,1.27,0.97,1.80,1.51,1.23,1.13,1.13,1.18,1.11,0.86,1.15,1.35,0.99,1.08,0.97,1.10,0.93,1.04,1.09,0.77,1.33,0.73,0.90,1.27,1.35,1.01,1.19,1.18,1.14,1.19,1.40,1.31,1.11,1.70,1.44,1.10,1.30,1.30,1.13,1.19,1.06,1.17,1.04,1.23,1.08,1.93,1.22,1.16,1.04,0.87,0.88,0.88,0.88,0.90,0.77,-0.02,0.82,0.73,0.58,0.68,0.68,0.89,0.69,0.72,0.65,0.85,0.77,0.99,0.75,0.83,0.73,0.85,0.79,0.64,0.89,0.95,0.64,0.70,1.04,0.77,0.78,0.50,0.72,0.62,0.67,0.71,0.73,0.60,0.59,0.53,0.54,0.52,0.64,0.85,0.80,0.65,0.81,0.55,0.55,0.64,1.16,0.83,0.83,0.68,0.22,1.30,0.75,0.78,0.67,0.97,0.68,0.57,0.69,0.70,1.89,1.46,1.08,0.91,0.62,0.60,0.57,0.75,0.77,0.85,0.47,0.54,1.33,0.62,0.51,0.52,0.59,0.73,0.56,0.43,0.31,0.47,0.76,0.57,0.41,0.36,0.24,0.31,0.37,0.34,0.47,0.41,0.68,0.50,0.38,0.42,0.35,0.28,0.22,0.38,0.39,0.37,0.39,0.31,0.46,0.37,0.24,0.39,0.32,0.25,0.27,0.34,0.41,0.33,0.31,0.32,0.27,0.26,0.31,0.38,0.28,0.36,0.54,0.18,0.23,0.34,0.37,0.43,0.37,0.33,0.45,0.41,0.24,0.48,0.22,0.51,0.70,0.42,0.60,0.57,0.55,0.53,0.47,0.47,0.43,0.60,2.46,2.18,1.47,0.71,0.60,0.53,0.50,0.45,0.68,0.60,0.64,0.55,0.57,0.50,0.60,0.55,0.51,0.52,0.88,0.83,0.77,0.71,0.92,0.62,0.70,1.00,0.63,0.99,0.92,0.85,0.78,0.96,0.86,0.85,1.00,1.48,0.96,0.92,0.94,0.74,0.85,1.05,0.82,0.91,0.83,0.97,1.57,1.16,1.24
Базовый ИПЦ,1.03,0.93,0.92,0.89,0.87,0.86,0.90,0.80,0.70,0.59,0.68,0.77,0.89,0.94,0.91,0.86,0.87,0.94,0.81,0.90,1.01,1.05,0.80,0.74,0.70,0.75,0.84,0.94,0.87,0.82,0.89,0.83,0.79,0.94,0.90,0.86,0.71,0.66,0.86,0.96,0.87,0.77,0.64,0.61,0.62,0.52,0.46,0.51,0.72,0.97,0.74,0.53,0.58,0.62,0.66,0.67,0.53,0.42,0.54,0.66,0.49,0.34,0.46,0.57,0.58,0.75,1.02,1.16,1.34,1.99,1.07,0.92,0.84,0.73,0.97,1.28,1.39,1.25,1.08,1.07,1.20,1.28,1.10,0.90,1.13,1.62,1.29,0.87,0.57,0.47,0.43,0.44,0.35,0.24,0.28,0.36,0.40,0.46,0.40,0.27,0.26,0.33,0.49,0.71,0.99,0.70,0.67,0.77,0.89,0.74,0.61,0.56,0.50,0.48,0.48,0.39,0.37,0.47,0.48,0.43,0.38,0.40,0.43,0.37,0.34,0.50,0.64,0.60,0.56,0.52,0.45,0.42,0.41,0.39,0.35,0.42,0.44,0.42,0.46,0.51,0.54,0.56,0.54,0.40,0.30,0.50,0.75,0.87,0.93,0.89,0.75,0.67,0.71,0.78,0.96,2.57,3.42,2.37,1.42,0.78,0.63,0.54,0.52,0.80,0.68,0.64,0.54,0.58,0.71,0.69,0.56,0.49,0.51,0.51,0.47,0.43,0.39,0.35,0.35,0.34,0.27,0.19,0.11,0.13,0.16,0.20,0.24,0.20,0.18,0.10,0.12,0.18,0.14,0.11,0.10,0.19,0.28,0.39,0.42,0.37,0.37,0.37,0.40,0.51,0.54,0.40,0.25,0.24,0.30,0.31,0.32,0.21,0.07,0.10,0.19,0.19,0.10,0.17,0.43,0.45,0.30,0.32,0.41,0.34,0.25,0.36,0.50,0.50,0.46,0.61,0.77,0.54,0.82,0.79,0.64,0.63,0.72,0.76,1.12,0.72,0.73,0.97,8.94,2.07,0.46,0.14,-0.10,0.05,0.27,0.14,0.06,0.20,0.19,0.06,0.23,0.34,0.42,0.45,0.63,0.91,0.97,1.04,0.92,0.54,0.48,0.49,0.46,0.74,0.70,0.52,0.48,0.77,0.77,1.04,1.05,1.12,0.80,0.68,0.56,0.35,0.41,0.30,0.33,0.33,0.39,0.43,0.32,0.47,0.74,0.39,0.39
Базовый ИПЦ без услуг туризма,1.01,0.92,0.91,0.88,0.88,0.87,0.90,0.79,0.69,0.58,0.67,0.77,0.89,0.93,0.91,0.86,0.86,0.94,0.81,0.91,1.00,1.04,0.80,0.73,0.71,0.76,0.85,0.95,0.87,0.83,0.87,0.83,0.78,0.93,0.90,0.87,0.72,0.66,0.86,0.97,0.88,0.77,0.64,0.61,0.61,0.51,0.46,0.51,0.72,0.98,0.75,0.52,0.57,0.63,0.66,0.66,0.54,0.41,0.54,0.66,0.49,0.33,0.45,0.56,0.57,0.76,1.01,1.16,1.34,2.01,1.07,0.92,0.82,0.72,0.95,1.26,1.36,1.23,1.05,1.06,1.20,1.29,1.11,0.86,1.03,1.55,1.31,0.91,0.63,0.48,0.42,0.44,0.38,0.28,0.29,0.34,0.46,0.48,0.40,0.28,0.25,0.33,0.47,0.71,1.01,0.70,0.68,0.79,0.91,0.76,0.61,0.55,0.47,0.48,0.49,0.38,0.34,0.46,0.50,0.44,0.40,0.42,0.43,0.36,0.32,0.48,0.64,0.60,0.57,0.53,0.46,0.44,0.41,0.39,0.34,0.39,0.42,0.41,0.43,0.49,0.52,0.55,0.55,0.41,0.30,0.46,0.70,0.84,0.93,0.88,0.76,0.67,0.72,0.74,0.90,2.24,3.36,2.43,1.50,0.94,0.64,0.45,0.45,0.57,0.74,0.67,0.54,0.48,0.60,0.68,0.63,0.52,0.53,0.54,0.51,0.42,0.38,0.36,0.36,0.39,0.30,0.21,0.10,0.13,0.17,0.21,0.22,0.19,0.16,0.10,0.09,0.16,0.15,0.10,0.07,0.12,0.28,0.38,0.43,0.36,0.32,0.37,0.42,0.50,0.57,0.42,0.26,0.24,0.27,0.32,0.36,0.24,0.07,0.08,0.15,0.22,0.12,0.17,0.42,0.46,0.34,0.40,0.42,0.36,0.23,0.33,0.50,0.52,0.48,0.67,0.80,0.53,0.76,0.82,0.69,0.64,0.73,0.73,1.12,0.72,0.69,0.92,8.71,2.08,0.59,0.02,-0.17,-0.06,0.23,0.00,0.00,0.11,0.14,-0.01,0.14,0.27,0.34,0.41,0.58,0.93,0.97,1.06,0.89,0.55,0.46,0.46,0.43,0.74,0.67,0.49,0.46,0.73,0.77,1.06,1.07,1.11,0.798,0.731,0.578,0.310,0.387,0.350,0.349,0.341,0.358,0.433,0.330,0.458,0.737,0.320,0.363