source_file,tenor_years,pixel_x,observed,tp,risk_neutral
inputs/tp_2y.png,2,58,14.758064516129032,2.258064516129032,12.5
inputs/tp_2y.png,2,59,14.31451612903226,2.4193548387096775,11.895161290322582
inputs/tp_2y.png,2,60,13.870967741935484,2.5806451612903225,11.290322580645162
inputs/tp_2y.png,2,61,13.588709677419356,2.741935483870968,10.846774193548388
inputs/tp_2y.png,2,62,13.46774193548387,2.903225806451613,10.564516129032256
inputs/tp_2y.png,2,63,13.346774193548386,2.741935483870968,10.604838709677418
inputs/tp_2y.png,2,64,13.185483870967744,2.5806451612903225,10.604838709677422
inputs/tp_2y.png,2,65,12.862903225806452,2.4193548387096775,10.443548387096774
inputs/tp_2y.png,2,66,12.5,2.338709677419355,10.161290322580644
inputs/tp_2y.png,2,67,12.137096774193548,2.5806451612903225,9.556451612903226
inputs/tp_2y.png,2,68,11.774193548387096,2.741935483870968,9.032258064516128
inputs/tp_2y.png,2,69,11.491935483870968,2.9838709677419355,8.508064516129032
inputs/tp_2y.png,2,70,11.29032258064516,3.225806451612903,8.064516129032256
inputs/tp_2y.png,2,71,11.088709677419354,3.306451612903226,7.782258064516128
inputs/tp_2y.png,2,72,10.846774193548388,3.387096774193549,7.459677419354839
inputs/tp_2y.png,2,73,10.685483870967742,3.387096774193549,7.298387096774193
inputs/tp_2y.png,2,74,10.685483870967742,3.387096774193549,7.298387096774193
inputs/tp_2y.png,2,75,10.685483870967742,3.064516129032258,7.620967741935484
inputs/tp_2y.png,2,76,10.766129032258064,2.741935483870968,8.024193548387096
inputs/tp_2y.png,2,77,10.846774193548388,2.4193548387096775,8.42741935483871
inputs/tp_2y.png,2,78,10.887096774193548,2.1774193548387095,8.709677419354838
inputs/tp_2y.png,2,79,10.92741935483871,2.0161290322580645,8.911290322580646
inputs/tp_2y.png,2,80,10.846774193548388,1.8548387096774193,8.991935483870968
inputs/tp_2y.png,2,81,10.846774193548388,1.6935483870967745,9.153225806451614
inputs/tp_2y.png,2,82,10.766129032258064,1.532258064516129,9.233870967741936
inputs/tp_2y.png,2,83,10.806451612903226,1.4516129032258065,9.35483870967742
inputs/tp_2y.png,2,84,10.846774193548388,1.4516129032258065,9.395161290322582
inputs/tp_2y.png,2,85,11.008064516129032,1.370967741935484,9.637096774193548
inputs/tp_2y.png,2,86,11.088709677419354,1.2903225806451613,9.798387096774192
inputs/tp_2y.png,2,87,11.25,1.370967741935484,9.879032258064516
inputs/tp_2y.png,2,88,11.330645161290324,1.4516129032258065,9.879032258064518
inputs/tp_2y.png,2,89,11.411290322580646,1.6129032258064515,9.798387096774194
inputs/tp_2y.png,2,90,11.330645161290324,1.6935483870967745,9.63709677419355
inputs/tp_2y.png,2,91,11.088709677419354,1.7741935483870968,9.314516129032258
inputs/tp_2y.png,2,92,10.846774193548388,1.8548387096774193,8.991935483870968
inputs/tp_2y.png,2,93,10.60483870967742,1.935483870967742,8.669354838709678
inputs/tp_2y.png,2,94,10.524193548387096,2.0161290322580645,8.508064516129032
inputs/tp_2y.png,2,95,10.443548387096774,2.0161290322580645,8.42741935483871
inputs/tp_2y.png,2,96,10.36290322580645,2.1774193548387095,8.18548387096774
inputs/tp_2y.png,2,97,10.36290322580645,2.258064516129032,8.104838709677418
inputs/tp_2y.png,2,98,10.28225806451613,2.338709677419355,7.943548387096775
inputs/tp_2y.png,2,99,10.28225806451613,2.4193548387096775,7.862903225806452
inputs/tp_2y.png,2,100,10.32258064516129,2.338709677419355,7.983870967741935
inputs/tp_2y.png,2,101,10.36290322580645,2.338709677419355,8.024193548387096
inputs/tp_2y.png,2,102,10.443548387096774,2.338709677419355,8.10483870967742
inputs/tp_2y.png,2,103,10.443548387096774,2.258064516129032,8.185483870967742
inputs/tp_2y.png,2,104,10.483870967741936,2.0967741935483875,8.387096774193548
inputs/tp_2y.png,2,105,10.483870967741936,2.0161290322580645,8.467741935483872
inputs/tp_2y.png,2,106,10.483870967741936,1.8548387096774193,8.629032258064516
inputs/tp_2y.png,2,107,10.443548387096774,1.7741935483870968,8.669354838709678
inputs/tp_2y.png,2,108,10.36290322580645,1.8548387096774193,8.50806451612903
inputs/tp_2y.png,2,109,10.28225806451613,1.935483870967742,8.346774193548388
inputs/tp_2y.png,2,110,10.120967741935484,2.0161290322580645,8.10483870967742
inputs/tp_2y.png,2,111,9.959677419354838,2.0967741935483875,7.86290322580645
inputs/tp_2y.png,2,112,9.758064516129032,2.0161290322580645,7.741935483870968
inputs/tp_2y.png,2,113,9.596774193548386,1.935483870967742,7.661290322580644
inputs/tp_2y.png,2,114,9.475806451612904,1.8548387096774193,7.620967741935485
inputs/tp_2y.png,2,115,9.475806451612904,1.7741935483870968,7.701612903225807
inputs/tp_2y.png,2,116,9.475806451612904,1.7741935483870968,7.701612903225807
inputs/tp_2y.png,2,117,9.475806451612904,1.7741935483870968,7.701612903225807
inputs/tp_2y.png,2,118,9.475806451612904,1.6935483870967745,7.78225806451613
inputs/tp_2y.png,2,119,9.516129032258064,1.6935483870967745,7.82258064516129
inputs/tp_2y.png,2,120,9.516129032258064,1.6935483870967745,7.82258064516129
inputs/tp_2y.png,2,121,9.475806451612904,1.6935483870967745,7.78225806451613
inputs/tp_2y.png,2,122,9.475806451612904,1.6935483870967745,7.78225806451613
inputs/tp_2y.png,2,123,9.475806451612904,1.6935483870967745,7.78225806451613
inputs/tp_2y.png,2,124,9.435483870967742,1.6935483870967745,7.741935483870968
inputs/tp_2y.png,2,125,9.435483870967742,1.7741935483870968,7.661290322580645
inputs/tp_2y.png,2,126,9.435483870967742,1.7741935483870968,7.661290322580645
inputs/tp_2y.png,2,127,9.435483870967742,1.8548387096774193,7.580645161290323
inputs/tp_2y.png,2,128,9.39516129032258,1.7741935483870968,7.620967741935483
inputs/tp_2y.png,2,129,9.39516129032258,1.6129032258064515,7.782258064516128
inputs/tp_2y.png,2,130,9.314516129032258,1.532258064516129,7.782258064516129
inputs/tp_2y.png,2,131,9.314516129032258,1.370967741935484,7.943548387096774
inputs/tp_2y.png,2,132,9.233870967741936,1.370967741935484,7.862903225806452
inputs/tp_2y.png,2,133,9.233870967741936,1.4516129032258065,7.78225806451613
inputs/tp_2y.png,2,134,9.153225806451614,1.4516129032258065,7.701612903225808
inputs/tp_2y.png,2,135,9.07258064516129,1.532258064516129,7.540322580645161
inputs/tp_2y.png,2,136,8.991935483870968,1.6129032258064515,7.379032258064516
inputs/tp_2y.png,2,137,8.911290322580644,1.6935483870967745,7.21774193548387
inputs/tp_2y.png,2,138,8.790322580645162,1.7741935483870968,7.016129032258065
inputs/tp_2y.png,2,139,8.75,1.8548387096774193,6.895161290322581
inputs/tp_2y.png,2,140,8.75,1.935483870967742,6.814516129032258
inputs/tp_2y.png,2,141,8.709677419354838,1.935483870967742,6.774193548387096
inputs/tp_2y.png,2,142,8.709677419354838,1.8548387096774193,6.854838709677419
inputs/tp_2y.png,2,143,8.709677419354838,1.8548387096774193,6.854838709677419
inputs/tp_2y.png,2,144,8.75,1.8548387096774193,6.895161290322581
inputs/tp_2y.png,2,145,8.75,1.7741935483870968,6.975806451612903
inputs/tp_2y.png,2,146,8.75,1.7741935483870968,6.975806451612903
inputs/tp_2y.png,2,147,8.75,1.6935483870967745,7.056451612903226
inputs/tp_2y.png,2,148,8.75,1.6129032258064515,7.137096774193548
inputs/tp_2y.png,2,149,8.709677419354838,1.6935483870967745,7.016129032258064
inputs/tp_2y.png,2,150,8.669354838709678,1.7741935483870968,6.895161290322581
inputs/tp_2y.png,2,151,8.588709677419356,1.8548387096774193,6.733870967741937
inputs/tp_2y.png,2,152,8.508064516129032,1.8548387096774193,6.653225806451613
inputs/tp_2y.png,2,153,8.42741935483871,2.0161290322580645,6.411290322580646
inputs/tp_2y.png,2,154,8.346774193548386,2.0967741935483875,6.249999999999998
inputs/tp_2y.png,2,155,8.266129032258064,2.258064516129032,6.008064516129032
inputs/tp_2y.png,2,156,8.266129032258064,2.338709677419355,5.927419354838709
inputs/tp_2y.png,2,157,8.266129032258064,2.258064516129032,6.008064516129032
inputs/tp_2y.png,2,158,8.346774193548386,2.1774193548387095,6.169354838709676
inputs/tp_2y.png,2,159,8.346774193548386,2.0967741935483875,6.249999999999998
inputs/tp_2y.png,2,160,8.42741935483871,2.0161290322580645,6.411290322580646
inputs/tp_2y.png,2,161,8.46774193548387,2.0161290322580645,6.451612903225806
inputs/tp_2y.png,2,162,8.46774193548387,1.935483870967742,6.532258064516128
inputs/tp_2y.png,2,163,8.508064516129032,1.8548387096774193,6.653225806451613
inputs/tp_2y.png,2,164,8.508064516129032,1.7741935483870968,6.733870967741935
inputs/tp_2y.png,2,165,8.508064516129032,1.7741935483870968,6.733870967741935
inputs/tp_2y.png,2,166,8.42741935483871,1.7741935483870968,6.653225806451613
inputs/tp_2y.png,2,167,8.42741935483871,1.6935483870967745,6.733870967741936
inputs/tp_2y.png,2,168,8.346774193548386,1.6935483870967745,6.653225806451612
inputs/tp_2y.png,2,169,8.346774193548386,1.6935483870967745,6.653225806451612
inputs/tp_2y.png,2,170,8.306451612903226,1.6129032258064515,6.693548387096774
inputs/tp_2y.png,2,171,8.266129032258064,1.6129032258064515,6.653225806451612
inputs/tp_2y.png,2,172,8.225806451612904,1.532258064516129,6.693548387096775
inputs/tp_2y.png,2,173,8.185483870967742,1.532258064516129,6.653225806451613
inputs/tp_2y.png,2,174,8.10483870967742,1.4516129032258065,6.653225806451614
inputs/tp_2y.png,2,175,8.10483870967742,1.4516129032258065,6.653225806451614
inputs/tp_2y.png,2,176,8.064516129032258,1.4516129032258065,6.612903225806452
inputs/tp_2y.png,2,177,8.024193548387098,1.370967741935484,6.653225806451614
inputs/tp_2y.png,2,178,8.064516129032258,1.2903225806451613,6.774193548387097
inputs/tp_2y.png,2,179,8.10483870967742,1.2903225806451613,6.814516129032259
inputs/tp_2y.png,2,180,8.10483870967742,1.2096774193548387,6.895161290322581
inputs/tp_2y.png,2,181,8.10483870967742,1.2096774193548387,6.895161290322581
inputs/tp_2y.png,2,182,8.024193548387098,1.129032258064516,6.895161290322582
inputs/tp_2y.png,2,183,8.024193548387098,1.129032258064516,6.895161290322582
inputs/tp_2y.png,2,184,7.943548387096774,1.129032258064516,6.814516129032258
inputs/tp_2y.png,2,185,7.862903225806452,1.129032258064516,6.733870967741936
inputs/tp_2y.png,2,186,7.822580645161291,1.129032258064516,6.693548387096775
inputs/tp_2y.png,2,187,7.782258064516129,1.129032258064516,6.653225806451613
inputs/tp_2y.png,2,188,7.701612903225806,1.129032258064516,6.57258064516129
inputs/tp_2y.png,2,189,7.661290322580645,1.129032258064516,6.532258064516129
inputs/tp_2y.png,2,190,7.620967741935483,1.129032258064516,6.491935483870967
inputs/tp_2y.png,2,191,7.540322580645162,1.0483870967741937,6.491935483870968
inputs/tp_2y.png,2,192,7.540322580645162,1.0483870967741937,6.491935483870968
inputs/tp_2y.png,2,193,7.5,1.0483870967741937,6.451612903225806
inputs/tp_2y.png,2,194,7.459677419354839,0.967741935483871,6.491935483870968
inputs/tp_2y.png,2,195,7.459677419354839,0.8870967741935484,6.572580645161291
inputs/tp_2y.png,2,196,7.459677419354839,0.8870967741935484,6.572580645161291
inputs/tp_2y.png,2,197,7.379032258064516,0.8064516129032258,6.57258064516129
inputs/tp_2y.png,2,198,7.298387096774193,0.8870967741935484,6.411290322580645
inputs/tp_2y.png,2,199,7.217741935483871,0.967741935483871,6.25
inputs/tp_2y.png,2,200,7.137096774193548,1.0483870967741937,6.088709677419354
inputs/tp_2y.png,2,201,7.096774193548387,1.129032258064516,5.967741935483871
inputs/tp_2y.png,2,202,7.056451612903227,1.0483870967741937,6.008064516129033
inputs/tp_2y.png,2,203,6.975806451612904,0.967741935483871,6.008064516129033
inputs/tp_2y.png,2,204,6.895161290322581,0.8870967741935484,6.008064516129033
inputs/tp_2y.png,2,205,6.814516129032258,0.8064516129032258,6.008064516129032
inputs/tp_2y.png,2,206,6.814516129032258,0.8064516129032258,6.008064516129032
inputs/tp_2y.png,2,207,6.733870967741935,0.8064516129032258,5.927419354838709
inputs/tp_2y.png,2,208,6.693548387096775,0.8064516129032258,5.887096774193549
inputs/tp_2y.png,2,209,6.653225806451612,0.8064516129032258,5.846774193548386
inputs/tp_2y.png,2,210,6.57258064516129,0.8064516129032258,5.766129032258064
inputs/tp_2y.png,2,211,6.532258064516129,0.8870967741935484,5.645161290322581
inputs/tp_2y.png,2,212,6.491935483870968,0.967741935483871,5.524193548387097
inputs/tp_2y.png,2,213,6.411290322580646,1.0483870967741937,5.362903225806452
inputs/tp_2y.png,2,214,6.411290322580646,1.0483870967741937,5.362903225806452
inputs/tp_2y.png,2,215,6.491935483870968,0.8870967741935484,5.60483870967742
inputs/tp_2y.png,2,216,6.57258064516129,0.8064516129032258,5.766129032258064
inputs/tp_2y.png,2,217,6.653225806451612,0.6451612903225806,6.008064516129031
inputs/tp_2y.png,2,218,6.733870967741935,0.6451612903225806,6.088709677419354
inputs/tp_2y.png,2,219,6.733870967741935,0.564516129032258,6.169354838709677
inputs/tp_2y.png,2,220,6.774193548387098,0.564516129032258,6.20967741935484
inputs/tp_2y.png,2,221,6.814516129032258,0.4838709677419355,6.330645161290322
inputs/tp_2y.png,2,222,6.814516129032258,0.4032258064516129,6.411290322580645
inputs/tp_2y.png,2,223,6.895161290322581,0.4032258064516129,6.491935483870968
inputs/tp_2y.png,2,224,6.895161290322581,0.3225806451612903,6.572580645161291
inputs/tp_2y.png,2,225,6.975806451612904,0.24193548387096775,6.733870967741936
inputs/tp_2y.png,2,226,7.056451612903227,0.24193548387096775,6.814516129032259
inputs/tp_2y.png,2,227,7.056451612903227,0.24193548387096775,6.814516129032259
inputs/tp_2y.png,2,228,7.137096774193548,0.3225806451612903,6.814516129032258
inputs/tp_2y.png,2,229,7.137096774193548,0.3225806451612903,6.814516129032258
inputs/tp_2y.png,2,230,7.137096774193548,0.3225806451612903,6.814516129032258
inputs/tp_2y.png,2,231,7.217741935483871,0.4838709677419355,6.733870967741936
inputs/tp_2y.png,2,232,7.379032258064516,0.564516129032258,6.814516129032258
inputs/tp_2y.png,2,233,7.5,0.7258064516129032,6.774193548387097
inputs/tp_2y.png,2,234,7.661290322580645,0.8064516129032258,6.854838709677419
inputs/tp_2y.png,2,235,7.782258064516129,0.8870967741935484,6.895161290322581
inputs/tp_2y.png,2,236,7.862903225806452,0.967741935483871,6.895161290322581
inputs/tp_2y.png,2,237,7.943548387096774,1.0483870967741937,6.89516129032258
inputs/tp_2y.png,2,238,7.983870967741935,1.129032258064516,6.854838709677419
inputs/tp_2y.png,2,239,7.983870967741935,1.0483870967741937,6.935483870967741
inputs/tp_2y.png,2,240,7.983870967741935,0.967741935483871,7.016129032258064
inputs/tp_2y.png,2,241,7.983870967741935,0.967741935483871,7.016129032258064
inputs/tp_2y.png,2,242,7.983870967741935,0.8870967741935484,7.096774193548387
inputs/tp_2y.png,2,243,8.024193548387098,0.8870967741935484,7.13709677419355
inputs/tp_2y.png,2,244,8.024193548387098,0.967741935483871,7.056451612903227
inputs/tp_2y.png,2,245,8.10483870967742,0.967741935483871,7.137096774193549
inputs/tp_2y.png,2,246,8.10483870967742,1.0483870967741937,7.056451612903226
inputs/tp_2y.png,2,247,8.10483870967742,1.0483870967741937,7.056451612903226
inputs/tp_2y.png,2,248,8.10483870967742,0.967741935483871,7.137096774193549
inputs/tp_2y.png,2,249,8.10483870967742,0.967741935483871,7.137096774193549
inputs/tp_2y.png,2,250,8.10483870967742,0.967741935483871,7.137096774193549
inputs/tp_2y.png,2,251,8.024193548387098,0.8870967741935484,7.13709677419355
inputs/tp_2y.png,2,252,7.983870967741935,0.8064516129032258,7.177419354838709
inputs/tp_2y.png,2,253,7.943548387096774,0.7258064516129032,7.217741935483871
inputs/tp_2y.png,2,254,7.862903225806452,0.6451612903225806,7.217741935483871
inputs/tp_2y.png,2,255,7.862903225806452,0.6451612903225806,7.217741935483871
inputs/tp_2y.png,2,256,7.862903225806452,0.564516129032258,7.298387096774194
inputs/tp_2y.png,2,257,7.862903225806452,0.4838709677419355,7.379032258064516
inputs/tp_2y.png,2,258,7.862903225806452,0.4838709677419355,7.379032258064516
inputs/tp_2y.png,2,259,7.862903225806452,0.4032258064516129,7.459677419354839
inputs/tp_2y.png,2,260,7.782258064516129,0.4032258064516129,7.379032258064516
inputs/tp_2y.png,2,261,7.782258064516129,0.4032258064516129,7.379032258064516
inputs/tp_2y.png,2,262,7.701612903225806,0.3225806451612903,7.379032258064516
inputs/tp_2y.png,2,263,7.701612903225806,0.3225806451612903,7.379032258064516
inputs/tp_2y.png,2,264,7.701612903225806,0.3225806451612903,7.379032258064516
inputs/tp_2y.png,2,265,7.741935483870968,0.3225806451612903,7.419354838709678
inputs/tp_2y.png,2,266,7.782258064516129,0.3225806451612903,7.459677419354839
inputs/tp_2y.png,2,267,7.701612903225806,0.3225806451612903,7.379032258064516
inputs/tp_2y.png,2,268,7.701612903225806,0.3225806451612903,7.379032258064516
inputs/tp_2y.png,2,269,7.620967741935483,0.4032258064516129,7.21774193548387
inputs/tp_2y.png,2,270,7.580645161290322,0.4032258064516129,7.177419354838709
inputs/tp_2y.png,2,271,7.540322580645162,0.4838709677419355,7.056451612903226
inputs/tp_2y.png,2,272,7.459677419354839,0.4838709677419355,6.975806451612904
inputs/tp_2y.png,2,273,7.419354838709677,0.564516129032258,6.854838709677419
inputs/tp_2y.png,2,274,7.379032258064516,0.564516129032258,6.814516129032258
inputs/tp_2y.png,2,275,7.298387096774193,0.6451612903225806,6.653225806451612
inputs/tp_2y.png,2,276,7.217741935483871,0.6451612903225806,6.57258064516129
inputs/tp_2y.png,2,277,7.17741935483871,0.6451612903225806,6.532258064516129
inputs/tp_2y.png,2,278,7.137096774193548,0.6451612903225806,6.491935483870967
inputs/tp_2y.png,2,279,7.056451612903227,0.564516129032258,6.491935483870969
inputs/tp_2y.png,2,280,7.056451612903227,0.564516129032258,6.491935483870969
inputs/tp_2y.png,2,281,7.056451612903227,0.564516129032258,6.491935483870969
inputs/tp_2y.png,2,282,6.975806451612904,0.564516129032258,6.411290322580646
inputs/tp_2y.png,2,283,6.975806451612904,0.4838709677419355,6.491935483870968
inputs/tp_2y.png,2,284,6.895161290322581,0.4838709677419355,6.411290322580646
inputs/tp_2y.png,2,285,6.814516129032258,0.564516129032258,6.25
inputs/tp_2y.png,2,286,6.733870967741935,0.564516129032258,6.169354838709677
inputs/tp_2y.png,2,287,6.653225806451612,0.564516129032258,6.088709677419354
inputs/tp_2y.png,2,288,6.57258064516129,0.6451612903225806,5.927419354838709
inputs/tp_2y.png,2,289,6.491935483870968,0.6451612903225806,5.846774193548387
inputs/tp_2y.png,2,290,6.411290322580646,0.7258064516129032,5.685483870967743
inputs/tp_2y.png,2,291,6.290322580645161,0.8064516129032258,5.483870967741935
inputs/tp_2y.png,2,292,6.169354838709677,0.8064516129032258,5.362903225806451
inputs/tp_2y.png,2,293,6.088709677419355,0.8870967741935484,5.201612903225807
inputs/tp_2y.png,2,294,6.008064516129032,0.8870967741935484,5.120967741935484
inputs/tp_2y.png,2,295,5.92741935483871,0.967741935483871,4.959677419354839
inputs/tp_2y.png,2,296,5.92741935483871,0.967741935483871,4.959677419354839
inputs/tp_2y.png,2,297,5.846774193548387,0.967741935483871,4.879032258064516
inputs/tp_2y.png,2,298,5.846774193548387,0.8870967741935484,4.959677419354839
inputs/tp_2y.png,2,299,5.806451612903226,0.8870967741935484,4.919354838709678
inputs/tp_2y.png,2,300,5.766129032258065,0.8870967741935484,4.879032258064517
inputs/tp_2y.png,2,301,5.725806451612903,0.8064516129032258,4.919354838709677
inputs/tp_2y.png,2,302,5.685483870967742,0.8064516129032258,4.879032258064516
inputs/tp_2y.png,2,303,5.685483870967742,0.8064516129032258,4.879032258064516
inputs/tp_2y.png,2,304,5.604838709677419,0.8064516129032258,4.798387096774193
inputs/tp_2y.png,2,305,5.604838709677419,0.8064516129032258,4.798387096774193
inputs/tp_2y.png,2,306,5.604838709677419,0.8064516129032258,4.798387096774193
inputs/tp_2y.png,2,307,5.524193548387097,0.8064516129032258,4.717741935483871
inputs/tp_2y.png,2,308,5.524193548387097,0.8064516129032258,4.717741935483871
inputs/tp_2y.png,2,309,5.604838709677419,0.8064516129032258,4.798387096774193
inputs/tp_2y.png,2,310,5.846774193548387,0.8870967741935484,4.959677419354839
inputs/tp_2y.png,2,311,6.088709677419355,0.8870967741935484,5.201612903225807
inputs/tp_2y.png,2,312,6.25,0.8064516129032258,5.443548387096774
inputs/tp_2y.png,2,313,6.169354838709677,0.7258064516129032,5.443548387096774
inputs/tp_2y.png,2,314,6.008064516129032,0.564516129032258,5.443548387096774
inputs/tp_2y.png,2,315,5.766129032258065,0.4838709677419355,5.28225806451613
inputs/tp_2y.png,2,316,5.524193548387097,0.4032258064516129,5.120967741935484
inputs/tp_2y.png,2,317,5.32258064516129,0.564516129032258,4.758064516129032
inputs/tp_2y.png,2,318,5.080645161290322,0.7258064516129032,4.354838709677419
inputs/tp_2y.png,2,319,4.959677419354839,0.8870967741935484,4.072580645161291
inputs/tp_2y.png,2,320,4.879032258064516,1.0483870967741937,3.830645161290322
inputs/tp_2y.png,2,321,4.798387096774193,1.0483870967741937,3.749999999999999
inputs/tp_2y.png,2,322,4.717741935483871,1.0483870967741937,3.669354838709677
inputs/tp_2y.png,2,323,4.67741935483871,0.967741935483871,3.709677419354839
inputs/tp_2y.png,2,324,4.637096774193548,0.8870967741935484,3.7499999999999996
inputs/tp_2y.png,2,325,4.637096774193548,0.7258064516129032,3.911290322580645
inputs/tp_2y.png,2,326,4.556451612903226,0.564516129032258,3.991935483870968
inputs/tp_2y.png,2,327,4.556451612903226,0.4032258064516129,4.153225806451613
inputs/tp_2y.png,2,328,4.516129032258064,0.24193548387096775,4.274193548387096
inputs/tp_2y.png,2,329,4.516129032258064,0.3225806451612903,4.193548387096774
inputs/tp_2y.png,2,330,4.556451612903226,0.4032258064516129,4.153225806451613
inputs/tp_2y.png,2,331,4.556451612903226,0.4838709677419355,4.07258064516129
inputs/tp_2y.png,2,332,4.556451612903226,0.564516129032258,3.991935483870968
inputs/tp_2y.png,2,333,4.596774193548387,0.6451612903225806,3.9516129032258065
inputs/tp_2y.png,2,334,4.596774193548387,0.6451612903225806,3.9516129032258065
inputs/tp_2y.png,2,335,4.596774193548387,0.6451612903225806,3.9516129032258065
inputs/tp_2y.png,2,336,4.637096774193548,0.6451612903225806,3.9919354838709675
inputs/tp_2y.png,2,337,4.637096774193548,0.6451612903225806,3.9919354838709675
inputs/tp_2y.png,2,338,4.637096774193548,0.6451612903225806,3.9919354838709675
inputs/tp_2y.png,2,339,4.637096774193548,0.6451612903225806,3.9919354838709675
inputs/tp_2y.png,2,340,4.637096774193548,0.6451612903225806,3.9919354838709675
inputs/tp_2y.png,2,341,4.637096774193548,0.6451612903225806,3.9919354838709675
inputs/tp_2y.png,2,342,4.637096774193548,0.6451612903225806,3.9919354838709675
inputs/tp_2y.png,2,343,4.637096774193548,0.6451612903225806,3.9919354838709675
inputs/tp_2y.png,2,344,4.637096774193548,0.6451612903225806,3.9919354838709675
inputs/tp_2y.png,2,345,4.637096774193548,0.6451612903225806,3.9919354838709675
inputs/tp_2y.png,2,346,4.637096774193548,0.6451612903225806,3.9919354838709675
inputs/tp_2y.png,2,347,4.637096774193548,0.7258064516129032,3.911290322580645
inputs/tp_2y.png,2,348,4.67741935483871,0.7258064516129032,3.951612903225807
inputs/tp_2y.png,2,349,4.67741935483871,0.8064516129032258,3.870967741935484
inputs/tp_2y.png,2,350,4.67741935483871,0.7258064516129032,3.951612903225807
inputs/tp_2y.png,2,351,4.717741935483871,0.7258064516129032,3.991935483870968
inputs/tp_2y.png,2,352,4.717741935483871,0.6451612903225806,4.07258064516129
inputs/tp_2y.png,2,353,4.717741935483871,0.7258064516129032,3.991935483870968
inputs/tp_2y.png,2,354,4.798387096774193,0.8064516129032258,3.991935483870967
inputs/tp_2y.png,2,355,4.879032258064516,0.8870967741935484,3.9919354838709675
inputs/tp_2y.png,2,356,4.959677419354839,0.967741935483871,3.991935483870968
inputs/tp_2y.png,2,357,5.0,1.0483870967741937,3.951612903225806
inputs/tp_2y.png,2,358,5.080645161290322,1.2096774193548387,3.870967741935483
inputs/tp_2y.png,2,359,5.201612903225807,1.370967741935484,3.830645161290323
inputs/tp_2y.png,2,360,5.362903225806451,1.532258064516129,3.830645161290322
inputs/tp_2y.png,2,361,5.483870967741936,1.6935483870967745,3.7903225806451615
inputs/tp_2y.png,2,362,5.604838709677419,1.6935483870967745,3.9112903225806446
inputs/tp_2y.png,2,363,5.685483870967742,1.6935483870967745,3.9919354838709675
inputs/tp_2y.png,2,364,5.766129032258065,1.6935483870967745,4.07258064516129
inputs/tp_2y.png,2,365,5.846774193548387,1.6935483870967745,4.153225806451612
inputs/tp_2y.png,2,366,5.846774193548387,1.6935483870967745,4.153225806451612
inputs/tp_2y.png,2,367,5.92741935483871,1.6129032258064515,4.314516129032258
inputs/tp_2y.png,2,368,5.967741935483871,1.6129032258064515,4.35483870967742
inputs/tp_2y.png,2,369,6.008064516129032,1.6129032258064515,4.39516129032258
inputs/tp_2y.png,2,370,6.088709677419355,1.6129032258064515,4.475806451612904
inputs/tp_2y.png,2,371,6.169354838709677,1.6935483870967745,4.475806451612902
inputs/tp_2y.png,2,372,6.25,1.6935483870967745,4.556451612903226
inputs/tp_2y.png,2,373,6.411290322580646,1.7741935483870968,4.637096774193549
inputs/tp_2y.png,2,374,6.491935483870968,1.7741935483870968,4.717741935483871
inputs/tp_2y.png,2,375,6.612903225806452,1.6935483870967745,4.919354838709678
inputs/tp_2y.png,2,376,6.693548387096775,1.6935483870967745,5.0
inputs/tp_2y.png,2,377,6.733870967741935,1.6129032258064515,5.120967741935484
inputs/tp_2y.png,2,378,6.814516129032258,1.4516129032258065,5.362903225806452
inputs/tp_2y.png,2,379,6.814516129032258,1.2096774193548387,5.604838709677419
inputs/tp_2y.png,2,380,6.814516129032258,1.0483870967741937,5.766129032258064
inputs/tp_2y.png,2,381,6.814516129032258,0.8870967741935484,5.92741935483871
inputs/tp_2y.png,2,382,6.814516129032258,0.8064516129032258,6.008064516129032
inputs/tp_2y.png,2,383,6.895161290322581,0.8064516129032258,6.088709677419355
inputs/tp_2y.png,2,384,6.935483870967742,0.8064516129032258,6.129032258064516
inputs/tp_2y.png,2,385,6.975806451612904,0.7258064516129032,6.250000000000001
inputs/tp_2y.png,2,386,7.056451612903227,0.8064516129032258,6.250000000000001
inputs/tp_2y.png,2,387,7.137096774193548,0.8870967741935484,6.25
inputs/tp_2y.png,2,388,7.298387096774193,1.0483870967741937,6.249999999999999
inputs/tp_2y.png,2,389,7.459677419354839,1.129032258064516,6.330645161290323
inputs/tp_2y.png,2,390,7.620967741935483,1.2903225806451613,6.330645161290322
inputs/tp_2y.png,2,391,7.741935483870968,1.370967741935484,6.370967741935484
inputs/tp_2y.png,2,392,7.983870967741935,1.4516129032258065,6.532258064516128
inputs/tp_2y.png,2,393,8.225806451612904,1.6129032258064515,6.612903225806452
inputs/tp_2y.png,2,394,8.42741935483871,1.6935483870967745,6.733870967741936
inputs/tp_2y.png,2,395,8.588709677419356,1.6129032258064515,6.975806451612904
inputs/tp_2y.png,2,396,8.669354838709678,1.532258064516129,7.137096774193549
inputs/tp_2y.png,2,397,8.669354838709678,1.532258064516129,7.137096774193549
inputs/tp_2y.png,2,398,8.669354838709678,1.4516129032258065,7.217741935483872
inputs/tp_2y.png,2,399,8.75,1.4516129032258065,7.298387096774194
inputs/tp_2y.png,2,400,8.911290322580644,1.4516129032258065,7.459677419354838
inputs/tp_2y.png,2,401,9.07258064516129,1.4516129032258065,7.620967741935484
inputs/tp_2y.png,2,402,9.193548387096774,1.532258064516129,7.661290322580645
inputs/tp_2y.png,2,403,9.35483870967742,1.6935483870967745,7.661290322580646
inputs/tp_2y.png,2,404,9.596774193548386,1.8548387096774193,7.741935483870967
inputs/tp_2y.png,2,405,9.919354838709678,2.0967741935483875,7.82258064516129
inputs/tp_2y.png,2,406,10.201612903225806,2.1774193548387095,8.024193548387096
inputs/tp_2y.png,2,407,10.524193548387096,1.935483870967742,8.588709677419354
inputs/tp_2y.png,2,408,11.169354838709678,1.7741935483870968,9.395161290322582
inputs/tp_2y.png,2,409,12.137096774193548,1.532258064516129,10.60483870967742
inputs/tp_2y.png,2,410,12.862903225806452,1.370967741935484,11.491935483870968
inputs/tp_2y.png,2,411,12.54032258064516,2.4193548387096775,10.120967741935482
inputs/tp_2y.png,2,412,11.693548387096774,4.112903225806452,7.580645161290322
inputs/tp_2y.png,2,413,11.088709677419354,5.725806451612903,5.362903225806451
inputs/tp_2y.png,2,414,10.887096774193548,7.419354838709677,3.467741935483871
inputs/tp_2y.png,2,415,10.64516129032258,7.580645161290322,3.064516129032258
inputs/tp_2y.png,2,416,10.403225806451614,7.016129032258064,3.38709677419355
inputs/tp_2y.png,2,417,10.161290322580644,6.370967741935483,3.790322580645161
inputs/tp_2y.png,2,418,9.879032258064516,5.806451612903226,4.07258064516129
inputs/tp_2y.png,2,419,9.596774193548386,5.080645161290322,4.516129032258064
inputs/tp_2y.png,2,420,9.274193548387096,4.354838709677419,4.919354838709677
inputs/tp_2y.png,2,421,9.032258064516128,3.6290322580645165,5.403225806451612
inputs/tp_2y.png,2,422,8.830645161290322,2.903225806451613,5.927419354838709
inputs/tp_2y.png,2,423,8.669354838709678,2.5,6.169354838709678
inputs/tp_2y.png,2,424,8.508064516129032,2.0967741935483875,6.411290322580644
inputs/tp_2y.png,2,425,8.306451612903226,1.6935483870967745,6.612903225806452
inputs/tp_2y.png,2,426,8.185483870967742,1.2903225806451613,6.895161290322581
inputs/tp_2y.png,2,427,8.10483870967742,1.2096774193548387,6.895161290322581
inputs/tp_2y.png,2,428,7.983870967741935,1.129032258064516,6.854838709677419
inputs/tp_2y.png,2,429,7.862903225806452,0.967741935483871,6.895161290322581
inputs/tp_2y.png,2,430,7.822580645161291,0.8870967741935484,6.935483870967743
inputs/tp_2y.png,2,431,7.862903225806452,0.8064516129032258,7.056451612903226
inputs/tp_2y.png,2,432,7.862903225806452,0.7258064516129032,7.137096774193549
inputs/tp_2y.png,2,433,7.943548387096774,0.6451612903225806,7.298387096774193
inputs/tp_2y.png,2,434,8.024193548387098,0.4838709677419355,7.540322580645162
inputs/tp_2y.png,2,435,8.14516129032258,0.4838709677419355,7.661290322580644
inputs/tp_2y.png,2,436,8.225806451612904,0.564516129032258,7.661290322580646
inputs/tp_2y.png,2,437,8.266129032258064,0.6451612903225806,7.620967741935483
inputs/tp_2y.png,2,438,8.346774193548386,0.8064516129032258,7.54032258064516
inputs/tp_2y.png,2,439,8.346774193548386,0.8064516129032258,7.54032258064516
inputs/tp_2y.png,2,440,8.266129032258064,0.8064516129032258,7.459677419354838
inputs/tp_2y.png,2,441,8.14516129032258,0.7258064516129032,7.419354838709677
inputs/tp_2y.png,2,442,8.10483870967742,0.6451612903225806,7.459677419354839
inputs/tp_2y.png,2,443,8.024193548387098,0.6451612903225806,7.379032258064517
inputs/tp_2y.png,2,444,8.024193548387098,0.7258064516129032,7.298387096774195
inputs/tp_2y.png,2,445,7.983870967741935,0.7258064516129032,7.258064516129032
inputs/tp_2y.png,2,446,7.943548387096774,0.8064516129032258,7.137096774193548
inputs/tp_2y.png,2,447,7.943548387096774,0.8064516129032258,7.137096774193548
inputs/tp_2y.png,2,448,7.943548387096774,0.8064516129032258,7.137096774193548
inputs/tp_2y.png,2,449,7.943548387096774,0.8064516129032258,7.137096774193548
inputs/tp_2y.png,2,450,7.943548387096774,0.8064516129032258,7.137096774193548
inputs/tp_2y.png,2,451,7.943548387096774,0.8870967741935484,7.056451612903226
inputs/tp_2y.png,2,452,8.024193548387098,0.967741935483871,7.056451612903227
inputs/tp_2y.png,2,453,8.064516129032258,1.129032258064516,6.935483870967742
inputs/tp_2y.png,2,454,8.14516129032258,1.2096774193548387,6.935483870967741
inputs/tp_2y.png,2,455,8.225806451612904,1.370967741935484,6.85483870967742
inputs/tp_2y.png,2,456,8.266129032258064,1.370967741935484,6.89516129032258
inputs/tp_2y.png,2,457,8.306451612903226,1.2903225806451613,7.016129032258065
inputs/tp_2y.png,2,458,8.306451612903226,1.2096774193548387,7.096774193548387
inputs/tp_2y.png,2,459,8.346774193548386,1.129032258064516,7.21774193548387
inputs/tp_2y.png,2,460,8.266129032258064,1.129032258064516,7.137096774193548
inputs/tp_2y.png,2,461,8.266129032258064,1.129032258064516,7.137096774193548
inputs/tp_2y.png,2,462,8.185483870967742,1.129032258064516,7.056451612903226
inputs/tp_2y.png,2,463,8.185483870967742,1.129032258064516,7.056451612903226
inputs/tp_2y.png,2,464,8.14516129032258,1.129032258064516,7.016129032258064
inputs/tp_2y.png,2,465,8.14516129032258,1.129032258064516,7.016129032258064
inputs/tp_2y.png,2,466,8.10483870967742,1.129032258064516,6.975806451612904
inputs/tp_2y.png,2,467,8.10483870967742,1.129032258064516,6.975806451612904
inputs/tp_2y.png,2,468,8.14516129032258,1.129032258064516,7.016129032258064
inputs/tp_2y.png,2,469,8.185483870967742,1.2096774193548387,6.975806451612903
inputs/tp_2y.png,2,470,8.266129032258064,1.2903225806451613,6.975806451612903
inputs/tp_2y.png,2,471,8.346774193548386,1.2903225806451613,7.056451612903225
inputs/tp_2y.png,2,472,8.42741935483871,1.370967741935484,7.056451612903226
inputs/tp_2y.png,2,473,8.508064516129032,1.4516129032258065,7.056451612903226
inputs/tp_2y.png,2,474,8.669354838709678,1.532258064516129,7.137096774193549
inputs/tp_2y.png,2,475,8.75,1.6129032258064515,7.137096774193548
inputs/tp_2y.png,2,476,8.911290322580644,1.6935483870967745,7.21774193548387
inputs/tp_2y.png,2,477,9.032258064516128,1.7741935483870968,7.258064516129031
inputs/tp_2y.png,2,478,9.35483870967742,1.7741935483870968,7.580645161290323
inputs/tp_2y.png,2,479,9.67741935483871,1.7741935483870968,7.903225806451613
inputs/tp_2y.png,2,480,10.0,1.6935483870967745,8.306451612903226
inputs/tp_2y.png,2,481,10.32258064516129,1.6129032258064515,8.709677419354838
inputs/tp_2y.png,2,482,10.685483870967742,1.4516129032258065,9.233870967741936
inputs/tp_2y.png,2,483,11.048387096774194,1.370967741935484,9.67741935483871
inputs/tp_2y.png,2,484,11.451612903225806,1.2096774193548387,10.241935483870968
inputs/tp_2y.png,2,485,11.85483870967742,1.2096774193548387,10.645161290322582
inputs/tp_2y.png,2,486,12.137096774193548,1.129032258064516,11.008064516129032
inputs/tp_2y.png,2,487,12.298387096774194,1.0483870967741937,11.25
inputs/tp_2y.png,2,488,12.338709677419354,1.0483870967741937,11.29032258064516
inputs/tp_2y.png,2,489,12.17741935483871,1.370967741935484,10.806451612903226
inputs/tp_2y.png,2,490,12.016129032258064,1.6935483870967745,10.32258064516129
inputs/tp_2y.png,2,491,11.895161290322582,1.935483870967742,9.95967741935484
inputs/tp_2y.png,2,492,11.895161290322582,2.258064516129032,9.63709677419355
inputs/tp_2y.png,2,493,11.895161290322582,2.5,9.395161290322582
inputs/tp_2y.png,2,494,11.975806451612902,2.661290322580645,9.314516129032256
inputs/tp_2y.png,2,495,12.056451612903226,2.903225806451613,9.153225806451612
inputs/tp_2y.png,2,496,12.17741935483871,3.064516129032258,9.112903225806452
inputs/tp_2y.png,2,497,12.298387096774194,3.064516129032258,9.233870967741936
inputs/tp_2y.png,2,498,12.379032258064516,3.064516129032258,9.314516129032258
inputs/tp_2y.png,2,499,12.5,2.9838709677419355,9.516129032258064
inputs/tp_2y.png,2,500,12.620967741935484,2.9838709677419355,9.637096774193548
inputs/tp_2y.png,2,501,12.782258064516128,2.9838709677419355,9.798387096774192
inputs/tp_2y.png,2,502,12.862903225806452,2.9838709677419355,9.879032258064516
inputs/tp_2y.png,2,503,12.983870967741936,2.9838709677419355,10.0
inputs/tp_2y.png,2,504,13.104838709677418,2.9838709677419355,10.120967741935482
inputs/tp_2y.png,2,505,13.185483870967744,2.82258064516129,10.362903225806454
inputs/tp_2y.png,2,506,13.266129032258064,2.661290322580645,10.60483870967742
inputs/tp_2y.png,2,507,13.42741935483871,2.5,10.92741935483871
inputs/tp_2y.png,2,508,13.548387096774196,2.4193548387096775,11.129032258064518
inputs/tp_2y.png,2,509,13.669354838709676,2.338709677419355,11.33064516129032
inputs/tp_2y.png,2,510,13.750000000000002,2.258064516129032,11.49193548387097
inputs/tp_2y.png,2,511,13.830645161290322,2.1774193548387095,11.653225806451612
inputs/tp_2y.png,2,512,13.911290322580644,2.0967741935483875,11.814516129032256
inputs/tp_2y.png,2,513,13.991935483870968,2.0967741935483875,11.89516129032258
inputs/tp_2y.png,2,514,14.07258064516129,2.1774193548387095,11.89516129032258
inputs/tp_2y.png,2,515,14.31451612903226,2.338709677419355,11.975806451612904
inputs/tp_2y.png,2,516,14.556451612903226,2.4193548387096775,12.137096774193548
inputs/tp_2y.png,2,517,14.798387096774194,2.5,12.298387096774194
inputs/tp_2y.png,2,518,15.04032258064516,2.5806451612903225,12.459677419354838
inputs/tp_2y.png,2,519,15.362903225806452,2.661290322580645,12.701612903225808
inputs/tp_2y.png,2,520,15.645161290322582,2.741935483870968,12.903225806451614
inputs/tp_2y.png,2,521,15.96774193548387,2.82258064516129,13.14516129032258
inputs/tp_2y.png,2,522,16.29032258064516,2.9838709677419355,13.306451612903224
inputs/tp_2y.png,2,523,16.491935483870968,3.1451612903225805,13.346774193548388
inputs/tp_2y.png,2,524,16.653225806451612,3.306451612903226,13.346774193548386
inputs/tp_2y.png,2,525,16.81451612903226,3.467741935483871,13.346774193548388
inputs/tp_2y.png,2,526,16.975806451612904,3.306451612903226,13.669354838709678
inputs/tp_2y.png,2,527,17.056451612903224,3.1451612903225805,13.911290322580644
inputs/tp_2y.png,2,528,17.137096774193548,2.9838709677419355,14.153225806451612
inputs/tp_2y.png,2,529,17.217741935483872,2.82258064516129,14.395161290322582
inputs/tp_2y.png,2,530,17.298387096774192,2.903225806451613,14.39516129032258
inputs/tp_2y.png,2,531,17.5,2.903225806451613,14.596774193548388
inputs/tp_2y.png,2,532,17.782258064516128,2.9838709677419355,14.798387096774192
inputs/tp_2y.png,2,533,18.10483870967742,3.064516129032258,15.040322580645162
inputs/tp_2y.png,2,534,18.387096774193548,3.306451612903226,15.080645161290322
inputs/tp_2y.png,2,535,18.70967741935484,3.5483870967741935,15.161290322580646
inputs/tp_2y.png,2,536,19.032258064516128,3.870967741935484,15.161290322580644
inputs/tp_5y.png,5,64,14.413793103448276,2.413793103448276,12.0
inputs/tp_5y.png,5,65,14.0,2.5517241379310347,11.448275862068964
inputs/tp_5y.png,5,66,13.517241379310345,2.6896551724137927,10.827586206896552
inputs/tp_5y.png,5,67,13.413793103448274,2.8275862068965516,10.586206896551722
inputs/tp_5y.png,5,68,13.310344827586206,2.8965517241379315,10.413793103448274
inputs/tp_5y.png,5,69,13.206896551724139,2.6896551724137927,10.517241379310345
inputs/tp_5y.png,5,70,13.13793103448276,2.4827586206896552,10.655172413793105
inputs/tp_5y.png,5,71,12.827586206896552,2.2758620689655173,10.551724137931034
inputs/tp_5y.png,5,72,12.379310344827585,2.206896551724138,10.172413793103448
inputs/tp_5y.png,5,73,11.93103448275862,2.413793103448276,9.517241379310343
inputs/tp_5y.png,5,74,11.517241379310345,2.7586206896551726,8.758620689655173
inputs/tp_5y.png,5,75,11.344827586206897,3.0344827586206895,8.310344827586206
inputs/tp_5y.png,5,76,11.172413793103448,3.2413793103448274,7.931034482758621
inputs/tp_5y.png,5,77,11.0,3.2413793103448274,7.758620689655173
inputs/tp_5y.png,5,78,10.827586206896552,3.2413793103448274,7.586206896551724
inputs/tp_5y.png,5,79,10.724137931034484,3.2413793103448274,7.482758620689657
inputs/tp_5y.png,5,80,10.724137931034484,3.103448275862069,7.620689655172415
inputs/tp_5y.png,5,81,10.724137931034484,2.7586206896551726,7.965517241379311
inputs/tp_5y.png,5,82,10.827586206896552,2.413793103448276,8.413793103448276
inputs/tp_5y.png,5,83,10.931034482758621,2.137931034482759,8.793103448275861
inputs/tp_5y.png,5,84,11.0,1.8620689655172415,9.137931034482758
inputs/tp_5y.png,5,85,11.0,1.6551724137931034,9.344827586206897
inputs/tp_5y.png,5,86,11.0,1.5172413793103448,9.482758620689655
inputs/tp_5y.png,5,87,11.0,1.310344827586207,9.689655172413794
inputs/tp_5y.png,5,88,11.0,1.1724137931034482,9.827586206896552
inputs/tp_5y.png,5,89,11.0,1.2413793103448276,9.758620689655173
inputs/tp_5y.png,5,90,11.06896551724138,1.310344827586207,9.758620689655174
inputs/tp_5y.png,5,91,11.206896551724137,1.3793103448275863,9.827586206896552
inputs/tp_5y.png,5,92,11.310344827586206,1.4482758620689657,9.86206896551724
inputs/tp_5y.png,5,93,11.413793103448276,1.4482758620689657,9.96551724137931
inputs/tp_5y.png,5,94,11.482758620689655,1.5172413793103448,9.96551724137931
inputs/tp_5y.png,5,95,11.482758620689655,1.5862068965517242,9.89655172413793
inputs/tp_5y.png,5,96,11.206896551724137,1.6551724137931034,9.551724137931034
inputs/tp_5y.png,5,97,10.931034482758621,1.793103448275862,9.137931034482758
inputs/tp_5y.png,5,98,10.655172413793103,1.793103448275862,8.862068965517242
inputs/tp_5y.png,5,99,10.448275862068964,1.8620689655172415,8.586206896551722
inputs/tp_5y.png,5,100,10.310344827586206,1.9310344827586206,8.379310344827585
inputs/tp_5y.png,5,101,10.206896551724139,2.0689655172413794,8.13793103448276
inputs/tp_5y.png,5,102,10.103448275862068,2.206896551724138,7.89655172413793
inputs/tp_5y.png,5,103,9.96551724137931,2.3448275862068964,7.620689655172413
inputs/tp_5y.png,5,104,9.96551724137931,2.5517241379310347,7.413793103448275
inputs/tp_5y.png,5,105,9.96551724137931,2.620689655172414,7.344827586206895
inputs/tp_5y.png,5,106,9.96551724137931,2.620689655172414,7.344827586206895
inputs/tp_5y.png,5,107,9.96551724137931,2.620689655172414,7.344827586206895
inputs/tp_5y.png,5,108,9.96551724137931,2.5517241379310347,7.413793103448275
inputs/tp_5y.png,5,109,10.034482758620689,2.413793103448276,7.620689655172413
inputs/tp_5y.png,5,110,10.034482758620689,2.206896551724138,7.827586206896551
inputs/tp_5y.png,5,111,10.172413793103448,2.0,8.172413793103448
inputs/tp_5y.png,5,112,10.241379310344827,1.793103448275862,8.448275862068964
inputs/tp_5y.png,5,113,10.310344827586206,1.7241379310344829,8.586206896551724
inputs/tp_5y.png,5,114,10.310344827586206,1.793103448275862,8.517241379310345
inputs/tp_5y.png,5,115,10.241379310344827,1.793103448275862,8.448275862068964
inputs/tp_5y.png,5,116,10.034482758620689,1.8620689655172415,8.172413793103447
inputs/tp_5y.png,5,117,9.827586206896552,1.9310344827586206,7.896551724137931
inputs/tp_5y.png,5,118,9.620689655172415,1.8620689655172415,7.758620689655173
inputs/tp_5y.png,5,119,9.379310344827585,1.8620689655172415,7.517241379310343
inputs/tp_5y.png,5,120,9.275862068965516,1.793103448275862,7.482758620689654
inputs/tp_5y.png,5,121,9.275862068965516,1.793103448275862,7.482758620689654
inputs/tp_5y.png,5,122,9.275862068965516,1.793103448275862,7.482758620689654
inputs/tp_5y.png,5,123,9.241379310344827,1.793103448275862,7.448275862068965
inputs/tp_5y.png,5,124,9.206896551724137,1.793103448275862,7.413793103448275
inputs/tp_5y.png,5,125,9.206896551724137,1.793103448275862,7.413793103448275
inputs/tp_5y.png,5,126,9.13793103448276,1.8620689655172415,7.275862068965518
inputs/tp_5y.png,5,127,9.13793103448276,1.8620689655172415,7.275862068965518
inputs/tp_5y.png,5,128,9.068965517241379,1.9310344827586206,7.137931034482758
inputs/tp_5y.png,5,129,9.03448275862069,1.9310344827586206,7.103448275862069
inputs/tp_5y.png,5,130,9.0,2.0,7.0
inputs/tp_5y.png,5,131,8.931034482758621,2.0689655172413794,6.862068965517242
inputs/tp_5y.png,5,132,8.931034482758621,2.137931034482759,6.793103448275862
inputs/tp_5y.png,5,133,8.862068965517242,2.206896551724138,6.655172413793104
inputs/tp_5y.png,5,134,8.793103448275861,2.137931034482759,6.655172413793102
inputs/tp_5y.png,5,135,8.724137931034482,2.0,6.724137931034482
inputs/tp_5y.png,5,136,8.724137931034482,1.9310344827586206,6.793103448275861
inputs/tp_5y.png,5,137,8.655172413793103,1.793103448275862,6.862068965517241
inputs/tp_5y.png,5,138,8.655172413793103,1.793103448275862,6.862068965517241
inputs/tp_5y.png,5,139,8.620689655172413,1.8620689655172415,6.758620689655171
inputs/tp_5y.png,5,140,8.586206896551724,1.8620689655172415,6.724137931034482
inputs/tp_5y.png,5,141,8.551724137931036,1.8620689655172415,6.689655172413794
inputs/tp_5y.png,5,142,8.448275862068966,1.9310344827586206,6.517241379310345
inputs/tp_5y.png,5,143,8.379310344827587,2.0,6.379310344827587
inputs/tp_5y.png,5,144,8.310344827586206,2.0689655172413794,6.241379310344827
inputs/tp_5y.png,5,145,8.310344827586206,2.137931034482759,6.1724137931034475
inputs/tp_5y.png,5,146,8.310344827586206,2.137931034482759,6.1724137931034475
inputs/tp_5y.png,5,147,8.310344827586206,2.0689655172413794,6.241379310344827
inputs/tp_5y.png,5,148,8.379310344827587,2.0,6.379310344827587
inputs/tp_5y.png,5,149,8.448275862068966,1.9310344827586206,6.517241379310345
inputs/tp_5y.png,5,150,8.517241379310345,1.8620689655172415,6.655172413793103
inputs/tp_5y.png,5,151,8.586206896551724,1.7241379310344829,6.862068965517241
inputs/tp_5y.png,5,152,8.655172413793103,1.6551724137931034,7.0
inputs/tp_5y.png,5,153,8.655172413793103,1.5862068965517242,7.068965517241379
inputs/tp_5y.png,5,154,8.655172413793103,1.5172413793103448,7.137931034482758
inputs/tp_5y.png,5,155,8.586206896551724,1.5862068965517242,7.0
inputs/tp_5y.png,5,156,8.517241379310345,1.7241379310344829,6.793103448275862
inputs/tp_5y.png,5,157,8.413793103448276,1.793103448275862,6.620689655172414
inputs/tp_5y.png,5,158,8.310344827586206,1.8620689655172415,6.448275862068964
inputs/tp_5y.png,5,159,8.172413793103448,2.0,6.172413793103448
inputs/tp_5y.png,5,160,8.068965517241379,2.137931034482759,5.93103448275862
inputs/tp_5y.png,5,161,8.03448275862069,2.2758620689655173,5.758620689655173
inputs/tp_5y.png,5,162,8.0,2.413793103448276,5.586206896551724
inputs/tp_5y.png,5,163,8.03448275862069,2.3448275862068964,5.689655172413794
inputs/tp_5y.png,5,164,8.03448275862069,2.3448275862068964,5.689655172413794
inputs/tp_5y.png,5,165,8.068965517241379,2.2758620689655173,5.793103448275861
inputs/tp_5y.png,5,166,8.103448275862068,2.206896551724138,5.89655172413793
inputs/tp_5y.png,5,167,8.068965517241379,2.206896551724138,5.862068965517241
inputs/tp_5y.png,5,168,8.068965517241379,2.137931034482759,5.93103448275862
inputs/tp_5y.png,5,169,8.068965517241379,2.137931034482759,5.93103448275862
inputs/tp_5y.png,5,170,8.03448275862069,2.0689655172413794,5.965517241379311
inputs/tp_5y.png,5,171,8.0,2.0689655172413794,5.931034482758621
inputs/tp_5y.png,5,172,7.9655172413793105,2.0689655172413794,5.896551724137931
inputs/tp_5y.png,5,173,7.931034482758621,2.0,5.931034482758621
inputs/tp_5y.png,5,174,7.8965517241379315,2.0,5.8965517241379315
inputs/tp_5y.png,5,175,7.827586206896552,1.9310344827586206,5.896551724137931
inputs/tp_5y.png,5,176,7.793103448275862,1.9310344827586206,5.862068965517242
inputs/tp_5y.png,5,177,7.758620689655173,1.8620689655172415,5.896551724137931
inputs/tp_5y.png,5,178,7.758620689655173,1.8620689655172415,5.896551724137931
inputs/tp_5y.png,5,179,7.724137931034482,1.7241379310344829,5.999999999999999
inputs/tp_5y.png,5,180,7.758620689655173,1.6551724137931034,6.103448275862069
inputs/tp_5y.png,5,181,7.758620689655173,1.5862068965517242,6.172413793103448
inputs/tp_5y.png,5,182,7.758620689655173,1.5172413793103448,6.241379310344827
inputs/tp_5y.png,5,183,7.827586206896552,1.4482758620689657,6.379310344827585
inputs/tp_5y.png,5,184,7.827586206896552,1.3793103448275863,6.448275862068965
inputs/tp_5y.png,5,185,7.8965517241379315,1.310344827586207,6.586206896551724
inputs/tp_5y.png,5,186,7.8965517241379315,1.2413793103448276,6.655172413793104
inputs/tp_5y.png,5,187,7.8965517241379315,1.1724137931034482,6.724137931034483
inputs/tp_5y.png,5,188,7.8965517241379315,1.1724137931034482,6.724137931034483
inputs/tp_5y.png,5,189,7.827586206896552,1.103448275862069,6.724137931034482
inputs/tp_5y.png,5,190,7.793103448275862,1.103448275862069,6.689655172413794
inputs/tp_5y.png,5,191,7.758620689655173,1.103448275862069,6.655172413793103
inputs/tp_5y.png,5,192,7.689655172413793,1.103448275862069,6.586206896551724
inputs/tp_5y.png,5,193,7.620689655172414,1.103448275862069,6.517241379310345
inputs/tp_5y.png,5,194,7.551724137931034,1.103448275862069,6.448275862068964
inputs/tp_5y.png,5,195,7.551724137931034,1.103448275862069,6.448275862068964
inputs/tp_5y.png,5,196,7.482758620689656,1.0344827586206897,6.448275862068966
inputs/tp_5y.png,5,197,7.482758620689656,0.9655172413793103,6.517241379310345
inputs/tp_5y.png,5,198,7.448275862068966,0.9655172413793103,6.482758620689656
inputs/tp_5y.png,5,199,7.448275862068966,0.896551724137931,6.551724137931036
inputs/tp_5y.png,5,200,7.448275862068966,0.8275862068965517,6.620689655172415
inputs/tp_5y.png,5,201,7.448275862068966,0.6896551724137931,6.758620689655173
inputs/tp_5y.png,5,202,7.448275862068966,0.6206896551724138,6.8275862068965525
inputs/tp_5y.png,5,203,7.413793103448276,0.6206896551724138,6.793103448275862
inputs/tp_5y.png,5,204,7.344827586206897,0.6896551724137931,6.655172413793103
inputs/tp_5y.png,5,205,7.310344827586207,0.7586206896551724,6.551724137931035
inputs/tp_5y.png,5,206,7.275862068965518,0.8275862068965517,6.448275862068966
inputs/tp_5y.png,5,207,7.206896551724138,0.8275862068965517,6.379310344827586
inputs/tp_5y.png,5,208,7.137931034482758,0.7586206896551724,6.379310344827585
inputs/tp_5y.png,5,209,7.068965517241379,0.6206896551724138,6.448275862068965
inputs/tp_5y.png,5,210,7.0344827586206895,0.5517241379310345,6.482758620689655
inputs/tp_5y.png,5,211,7.0,0.48275862068965514,6.517241379310345
inputs/tp_5y.png,5,212,6.931034482758621,0.48275862068965514,6.448275862068966
inputs/tp_5y.png,5,213,6.862068965517242,0.48275862068965514,6.379310344827587
inputs/tp_5y.png,5,214,6.793103448275862,0.48275862068965514,6.310344827586207
inputs/tp_5y.png,5,215,6.793103448275862,0.48275862068965514,6.310344827586207
inputs/tp_5y.png,5,216,6.724137931034483,0.5517241379310345,6.172413793103448
inputs/tp_5y.png,5,217,6.724137931034483,0.5517241379310345,6.172413793103448
inputs/tp_5y.png,5,218,6.655172413793103,0.6206896551724138,6.0344827586206895
inputs/tp_5y.png,5,219,6.655172413793103,0.6206896551724138,6.0344827586206895
inputs/tp_5y.png,5,220,6.655172413793103,0.5517241379310345,6.1034482758620685
inputs/tp_5y.png,5,221,6.724137931034483,0.48275862068965514,6.241379310344828
inputs/tp_5y.png,5,222,6.793103448275862,0.3448275862068966,6.448275862068965
inputs/tp_5y.png,5,223,6.862068965517242,0.27586206896551724,6.586206896551725
inputs/tp_5y.png,5,224,6.931034482758621,0.27586206896551724,6.655172413793104
inputs/tp_5y.png,5,225,6.931034482758621,0.20689655172413793,6.724137931034483
inputs/tp_5y.png,5,226,7.0,0.20689655172413793,6.793103448275862
inputs/tp_5y.png,5,227,7.0,0.20689655172413793,6.793103448275862
inputs/tp_5y.png,5,228,7.0,0.27586206896551724,6.724137931034483
inputs/tp_5y.png,5,229,7.068965517241379,0.3448275862068966,6.724137931034482
inputs/tp_5y.png,5,230,7.137931034482758,0.41379310344827586,6.724137931034482
inputs/tp_5y.png,5,231,7.241379310344827,0.48275862068965514,6.758620689655173
inputs/tp_5y.png,5,232,7.310344827586207,0.5517241379310345,6.758620689655173
inputs/tp_5y.png,5,233,7.344827586206897,0.5517241379310345,6.793103448275862
inputs/tp_5y.png,5,234,7.413793103448276,0.5517241379310345,6.862068965517241
inputs/tp_5y.png,5,235,7.413793103448276,0.5517241379310345,6.862068965517241
inputs/tp_5y.png,5,236,7.448275862068966,0.6206896551724138,6.8275862068965525
inputs/tp_5y.png,5,237,7.482758620689656,0.8275862068965517,6.655172413793104
inputs/tp_5y.png,5,238,7.689655172413793,0.9655172413793103,6.724137931034482
inputs/tp_5y.png,5,239,7.8965517241379315,1.1724137931034482,6.724137931034483
inputs/tp_5y.png,5,240,8.103448275862068,1.310344827586207,6.79310344827586
inputs/tp_5y.png,5,241,8.310344827586206,1.3793103448275863,6.93103448275862
inputs/tp_5y.png,5,242,8.379310344827587,1.5172413793103448,6.862068965517242
inputs/tp_5y.png,5,243,8.448275862068966,1.5862068965517242,6.862068965517242
inputs/tp_5y.png,5,244,8.517241379310345,1.5862068965517242,6.931034482758621
inputs/tp_5y.png,5,245,8.517241379310345,1.5172413793103448,7.0
inputs/tp_5y.png,5,246,8.517241379310345,1.4482758620689657,7.068965517241379
inputs/tp_5y.png,5,247,8.482758620689655,1.3793103448275863,7.1034482758620685
inputs/tp_5y.png,5,248,8.482758620689655,1.3793103448275863,7.1034482758620685
inputs/tp_5y.png,5,249,8.517241379310345,1.3793103448275863,7.137931034482759
inputs/tp_5y.png,5,250,8.517241379310345,1.4482758620689657,7.068965517241379
inputs/tp_5y.png,5,251,8.551724137931036,1.4482758620689657,7.103448275862069
inputs/tp_5y.png,5,252,8.586206896551724,1.4482758620689657,7.137931034482758
inputs/tp_5y.png,5,253,8.551724137931036,1.4482758620689657,7.103448275862069
inputs/tp_5y.png,5,254,8.551724137931036,1.3793103448275863,7.172413793103449
inputs/tp_5y.png,5,255,8.517241379310345,1.3793103448275863,7.137931034482759
inputs/tp_5y.png,5,256,8.448275862068966,1.310344827586207,7.137931034482759
inputs/tp_5y.png,5,257,8.379310344827587,1.2413793103448276,7.13793103448276
inputs/tp_5y.png,5,258,8.310344827586206,1.103448275862069,7.206896551724137
inputs/tp_5y.png,5,259,8.241379310344827,1.0344827586206897,7.206896551724138
inputs/tp_5y.png,5,260,8.172413793103448,0.9655172413793103,7.206896551724138
inputs/tp_5y.png,5,261,8.172413793103448,0.8275862068965517,7.344827586206897
inputs/tp_5y.png,5,262,8.103448275862068,0.7586206896551724,7.344827586206895
inputs/tp_5y.png,5,263,8.103448275862068,0.6896551724137931,7.413793103448274
inputs/tp_5y.png,5,264,8.068965517241379,0.6206896551724138,7.448275862068965
inputs/tp_5y.png,5,265,8.068965517241379,0.6206896551724138,7.448275862068965
inputs/tp_5y.png,5,266,8.068965517241379,0.6206896551724138,7.448275862068965
inputs/tp_5y.png,5,267,8.03448275862069,0.6206896551724138,7.413793103448277
inputs/tp_5y.png,5,268,8.03448275862069,0.6206896551724138,7.413793103448277
inputs/tp_5y.png,5,269,8.03448275862069,0.6206896551724138,7.413793103448277
inputs/tp_5y.png,5,270,8.03448275862069,0.5517241379310345,7.482758620689656
inputs/tp_5y.png,5,271,8.0,0.5517241379310345,7.448275862068965
inputs/tp_5y.png,5,272,7.9655172413793105,0.48275862068965514,7.482758620689656
inputs/tp_5y.png,5,273,7.9655172413793105,0.41379310344827586,7.551724137931035
inputs/tp_5y.png,5,274,7.8965517241379315,0.41379310344827586,7.482758620689656
inputs/tp_5y.png,5,275,7.8965517241379315,0.3448275862068966,7.551724137931035
inputs/tp_5y.png,5,276,7.793103448275862,0.27586206896551724,7.517241379310345
inputs/tp_5y.png,5,277,7.689655172413793,0.27586206896551724,7.413793103448276
inputs/tp_5y.png,5,278,7.620689655172414,0.27586206896551724,7.344827586206897
inputs/tp_5y.png,5,279,7.482758620689656,0.27586206896551724,7.206896551724139
inputs/tp_5y.png,5,280,7.413793103448276,0.3448275862068966,7.068965517241379
inputs/tp_5y.png,5,281,7.379310344827586,0.3448275862068966,7.0344827586206895
inputs/tp_5y.png,5,282,7.310344827586207,0.3448275862068966,6.9655172413793105
inputs/tp_5y.png,5,283,7.241379310344827,0.3448275862068966,6.896551724137931
inputs/tp_5y.png,5,284,7.206896551724138,0.3448275862068966,6.862068965517241
inputs/tp_5y.png,5,285,7.172413793103448,0.27586206896551724,6.8965517241379315
inputs/tp_5y.png,5,286,7.137931034482758,0.27586206896551724,6.862068965517241
inputs/tp_5y.png,5,287,7.137931034482758,0.27586206896551724,6.862068965517241
inputs/tp_5y.png,5,288,7.068965517241379,0.20689655172413793,6.862068965517241
inputs/tp_5y.png,5,289,7.0,0.20689655172413793,6.793103448275862
inputs/tp_5y.png,5,290,6.931034482758621,0.27586206896551724,6.655172413793104
inputs/tp_5y.png,5,291,6.862068965517242,0.27586206896551724,6.586206896551725
inputs/tp_5y.png,5,292,6.793103448275862,0.3448275862068966,6.448275862068965
inputs/tp_5y.png,5,293,6.689655172413794,0.3448275862068966,6.344827586206897
inputs/tp_5y.png,5,294,6.620689655172414,0.41379310344827586,6.206896551724138
inputs/tp_5y.png,5,295,6.517241379310344,0.41379310344827586,6.1034482758620685
inputs/tp_5y.png,5,296,6.448275862068965,0.48275862068965514,5.9655172413793105
inputs/tp_5y.png,5,297,6.379310344827587,0.48275862068965514,5.896551724137932
inputs/tp_5y.png,5,298,6.310344827586207,0.48275862068965514,5.8275862068965525
inputs/tp_5y.png,5,299,6.241379310344827,0.48275862068965514,5.758620689655173
inputs/tp_5y.png,5,300,6.172413793103448,0.5517241379310345,5.620689655172414
inputs/tp_5y.png,5,301,6.172413793103448,0.48275862068965514,5.689655172413794
inputs/tp_5y.png,5,302,6.172413793103448,0.48275862068965514,5.689655172413794
inputs/tp_5y.png,5,303,6.137931034482759,0.41379310344827586,5.724137931034483
inputs/tp_5y.png,5,304,6.137931034482759,0.41379310344827586,5.724137931034483
inputs/tp_5y.png,5,305,6.103448275862069,0.3448275862068966,5.758620689655173
inputs/tp_5y.png,5,306,6.0344827586206895,0.3448275862068966,5.689655172413793
inputs/tp_5y.png,5,307,5.96551724137931,0.3448275862068966,5.620689655172413
inputs/tp_5y.png,5,308,5.896551724137931,0.3448275862068966,5.551724137931034
inputs/tp_5y.png,5,309,5.896551724137931,0.3448275862068966,5.551724137931034
inputs/tp_5y.png,5,310,5.862068965517241,0.3448275862068966,5.517241379310344
inputs/tp_5y.png,5,311,5.8275862068965525,0.3448275862068966,5.482758620689656
inputs/tp_5y.png,5,312,5.8275862068965525,0.3448275862068966,5.482758620689656
inputs/tp_5y.png,5,313,5.793103448275863,0.3448275862068966,5.448275862068966
inputs/tp_5y.png,5,314,5.8275862068965525,0.48275862068965514,5.344827586206898
inputs/tp_5y.png,5,315,5.93103448275862,0.6896551724137931,5.241379310344827
inputs/tp_5y.png,5,316,6.206896551724138,0.896551724137931,5.310344827586206
inputs/tp_5y.png,5,317,6.482758620689655,1.103448275862069,5.379310344827585
inputs/tp_5y.png,5,318,6.517241379310344,1.0344827586206897,5.482758620689655
inputs/tp_5y.png,5,319,6.379310344827587,0.8275862068965517,5.551724137931036
inputs/tp_5y.png,5,320,6.137931034482759,0.5517241379310345,5.586206896551724
inputs/tp_5y.png,5,321,5.896551724137931,0.41379310344827586,5.482758620689655
inputs/tp_5y.png,5,322,5.689655172413794,0.41379310344827586,5.275862068965518
inputs/tp_5y.png,5,323,5.448275862068965,0.48275862068965514,4.9655172413793105
inputs/tp_5y.png,5,324,5.241379310344828,0.5517241379310345,4.689655172413794
inputs/tp_5y.png,5,325,5.206896551724139,0.6206896551724138,4.586206896551725
inputs/tp_5y.png,5,326,5.172413793103448,0.5517241379310345,4.620689655172414
inputs/tp_5y.png,5,327,5.137931034482759,0.48275862068965514,4.655172413793104
inputs/tp_5y.png,5,328,5.137931034482759,0.41379310344827586,4.724137931034483
inputs/tp_5y.png,5,329,5.103448275862069,0.3448275862068966,4.758620689655173
inputs/tp_5y.png,5,330,5.103448275862069,0.3448275862068966,4.758620689655173
inputs/tp_5y.png,5,331,5.103448275862069,0.48275862068965514,4.620689655172415
inputs/tp_5y.png,5,332,5.137931034482759,0.6206896551724138,4.517241379310345
inputs/tp_5y.png,5,333,5.137931034482759,0.7586206896551724,4.379310344827586
inputs/tp_5y.png,5,334,5.137931034482759,0.896551724137931,4.241379310344827
inputs/tp_5y.png,5,335,5.206896551724139,0.9655172413793103,4.241379310344828
inputs/tp_5y.png,5,336,5.206896551724139,1.103448275862069,4.103448275862069
inputs/tp_5y.png,5,337,5.275862068965518,1.2413793103448276,4.03448275862069
inputs/tp_5y.png,5,338,5.275862068965518,1.310344827586207,3.9655172413793105
inputs/tp_5y.png,5,339,5.344827586206896,1.3793103448275863,3.9655172413793096
inputs/tp_5y.png,5,340,5.379310344827585,1.4482758620689657,3.9310344827586197
inputs/tp_5y.png,5,341,5.413793103448276,1.4482758620689657,3.96551724137931
inputs/tp_5y.png,5,342,5.482758620689655,1.5172413793103448,3.96551724137931
inputs/tp_5y.png,5,343,5.482758620689655,1.4482758620689657,4.034482758620689
inputs/tp_5y.png,5,344,5.413793103448276,1.4482758620689657,3.96551724137931
inputs/tp_5y.png,5,345,5.413793103448276,1.4482758620689657,3.96551724137931
inputs/tp_5y.png,5,346,5.413793103448276,1.3793103448275863,4.0344827586206895
inputs/tp_5y.png,5,347,5.344827586206896,1.3793103448275863,3.9655172413793096
inputs/tp_5y.png,5,348,5.344827586206896,1.3793103448275863,3.9655172413793096
inputs/tp_5y.png,5,349,5.310344827586206,1.310344827586207,3.999999999999999
inputs/tp_5y.png,5,350,5.310344827586206,1.310344827586207,3.999999999999999
inputs/tp_5y.png,5,351,5.310344827586206,1.310344827586207,3.999999999999999
inputs/tp_5y.png,5,352,5.310344827586206,1.3793103448275863,3.93103448275862
inputs/tp_5y.png,5,353,5.344827586206896,1.3793103448275863,3.9655172413793096
inputs/tp_5y.png,5,354,5.344827586206896,1.4482758620689657,3.89655172413793
inputs/tp_5y.png,5,355,5.413793103448276,1.4482758620689657,3.96551724137931
inputs/tp_5y.png,5,356,5.413793103448276,1.5172413793103448,3.896551724137931
inputs/tp_5y.png,5,357,5.482758620689655,1.5172413793103448,3.96551724137931
inputs/tp_5y.png,5,358,5.551724137931035,1.5172413793103448,4.03448275862069
inputs/tp_5y.png,5,359,5.620689655172414,1.5862068965517242,4.0344827586206895
inputs/tp_5y.png,5,360,5.689655172413794,1.7241379310344829,3.9655172413793105
inputs/tp_5y.png,5,361,5.793103448275863,1.8620689655172415,3.9310344827586214
inputs/tp_5y.png,5,362,5.896551724137931,2.0,3.8965517241379306
inputs/tp_5y.png,5,363,5.96551724137931,2.137931034482759,3.8275862068965507
inputs/tp_5y.png,5,364,6.103448275862069,2.2758620689655173,3.827586206896552
inputs/tp_5y.png,5,365,6.241379310344827,2.413793103448276,3.8275862068965516
inputs/tp_5y.png,5,366,6.379310344827587,2.5517241379310347,3.8275862068965525
inputs/tp_5y.png,5,367,6.517241379310344,2.620689655172414,3.89655172413793
inputs/tp_5y.png,5,368,6.620689655172414,2.620689655172414,3.9999999999999996
inputs/tp_5y.png,5,369,6.655172413793103,2.620689655172414,4.034482758620689
inputs/tp_5y.png,5,370,6.724137931034483,2.620689655172414,4.103448275862069
inputs/tp_5y.png,5,371,6.724137931034483,2.5517241379310347,4.172413793103448
inputs/tp_5y.png,5,372,6.724137931034483,2.4827586206896552,4.241379310344827
inputs/tp_5y.png,5,373,6.724137931034483,2.3448275862068964,4.379310344827587
inputs/tp_5y.png,5,374,6.655172413793103,2.2758620689655173,4.379310344827585
inputs/tp_5y.png,5,375,6.655172413793103,2.206896551724138,4.448275862068965
inputs/tp_5y.png,5,376,6.724137931034483,2.206896551724138,4.517241379310345
inputs/tp_5y.png,5,377,6.793103448275862,2.206896551724138,4.586206896551724
inputs/tp_5y.png,5,378,6.827586206896552,2.206896551724138,4.620689655172414
inputs/tp_5y.png,5,379,6.862068965517242,2.137931034482759,4.724137931034483
inputs/tp_5y.png,5,380,6.931034482758621,2.0,4.931034482758621
inputs/tp_5y.png,5,381,6.931034482758621,1.9310344827586206,5.0
inputs/tp_5y.png,5,382,6.931034482758621,1.793103448275862,5.137931034482759
inputs/tp_5y.png,5,383,6.931034482758621,1.5862068965517242,5.344827586206897
inputs/tp_5y.png,5,384,6.931034482758621,1.3793103448275863,5.551724137931035
inputs/tp_5y.png,5,385,6.862068965517242,1.1724137931034482,5.689655172413794
inputs/tp_5y.png,5,386,6.862068965517242,0.9655172413793103,5.8965517241379315
inputs/tp_5y.png,5,387,6.862068965517242,0.896551724137931,5.965517241379311
inputs/tp_5y.png,5,388,6.862068965517242,0.8275862068965517,6.03448275862069
inputs/tp_5y.png,5,389,6.931034482758621,0.7586206896551724,6.172413793103448
inputs/tp_5y.png,5,390,6.96551724137931,0.7586206896551724,6.206896551724137
inputs/tp_5y.png,5,391,7.0,0.7586206896551724,6.241379310344827
inputs/tp_5y.png,5,392,7.068965517241379,0.8275862068965517,6.241379310344827
inputs/tp_5y.png,5,393,7.172413793103448,0.896551724137931,6.275862068965518
inputs/tp_5y.png,5,394,7.344827586206897,1.0344827586206897,6.310344827586207
inputs/tp_5y.png,5,395,7.482758620689656,1.103448275862069,6.379310344827587
inputs/tp_5y.png,5,396,7.620689655172414,1.2413793103448276,6.379310344827586
inputs/tp_5y.png,5,397,7.793103448275862,1.310344827586207,6.482758620689655
inputs/tp_5y.png,5,398,8.0,1.3793103448275863,6.620689655172414
inputs/tp_5y.png,5,399,8.206896551724137,1.5172413793103448,6.689655172413792
inputs/tp_5y.png,5,400,8.379310344827587,1.4482758620689657,6.931034482758621
inputs/tp_5y.png,5,401,8.517241379310345,1.4482758620689657,7.068965517241379
inputs/tp_5y.png,5,402,8.551724137931036,1.3793103448275863,7.172413793103449
inputs/tp_5y.png,5,403,8.586206896551724,1.3793103448275863,7.206896551724138
inputs/tp_5y.png,5,404,8.620689655172413,1.3793103448275863,7.2413793103448265
inputs/tp_5y.png,5,405,8.724137931034482,1.3793103448275863,7.344827586206896
inputs/tp_5y.png,5,406,8.862068965517242,1.3793103448275863,7.482758620689656
inputs/tp_5y.png,5,407,9.03448275862069,1.3793103448275863,7.655172413793104
inputs/tp_5y.png,5,408,9.206896551724137,1.4482758620689657,7.758620689655171
inputs/tp_5y.png,5,409,9.379310344827585,1.6551724137931034,7.724137931034482
inputs/tp_5y.png,5,410,9.655172413793103,1.793103448275862,7.862068965517241
inputs/tp_5y.png,5,411,9.89655172413793,1.9310344827586206,7.96551724137931
inputs/tp_5y.png,5,412,10.172413793103448,2.137931034482759,8.03448275862069
inputs/tp_5y.png,5,413,10.482758620689657,2.206896551724138,8.27586206896552
inputs/tp_5y.png,5,414,11.172413793103448,2.3448275862068964,8.827586206896552
inputs/tp_5y.png,5,415,11.86206896551724,2.4827586206896552,9.379310344827585
inputs/tp_5y.png,5,416,12.0,2.8275862068965516,9.172413793103448
inputs/tp_5y.png,5,417,11.448275862068966,4.275862068965518,7.172413793103448
inputs/tp_5y.png,5,418,10.862068965517242,5.655172413793103,5.206896551724139
inputs/tp_5y.png,5,419,10.655172413793103,7.1034482758620685,3.5517241379310347
inputs/tp_5y.png,5,420,10.517241379310345,8.0,2.517241379310345
inputs/tp_5y.png,5,421,10.344827586206897,7.241379310344827,3.1034482758620694
inputs/tp_5y.png,5,422,10.172413793103448,6.551724137931034,3.6206896551724146
inputs/tp_5y.png,5,423,9.89655172413793,5.793103448275863,4.103448275862068
inputs/tp_5y.png,5,424,9.620689655172415,5.103448275862069,4.517241379310345
inputs/tp_5y.png,5,425,9.344827586206897,4.413793103448276,4.931034482758621
inputs/tp_5y.png,5,426,9.068965517241379,3.724137931034483,5.344827586206896
inputs/tp_5y.png,5,427,8.96551724137931,3.103448275862069,5.86206896551724
inputs/tp_5y.png,5,428,8.931034482758621,2.4827586206896552,6.448275862068966
inputs/tp_5y.png,5,429,8.862068965517242,1.9310344827586206,6.931034482758621
inputs/tp_5y.png,5,430,8.793103448275861,1.4482758620689657,7.344827586206895
inputs/tp_5y.png,5,431,8.724137931034482,0.896551724137931,7.827586206896552
inputs/tp_5y.png,5,432,8.655172413793103,0.5517241379310345,8.10344827586207
inputs/tp_5y.png,5,433,8.620689655172413,0.48275862068965514,8.137931034482758
inputs/tp_5y.png,5,434,8.586206896551724,0.41379310344827586,8.172413793103448
inputs/tp_5y.png,5,435,8.517241379310345,0.3448275862068966,8.172413793103448
inputs/tp_5y.png,5,436,8.517241379310345,0.27586206896551724,8.241379310344827
inputs/tp_5y.png,5,437,8.517241379310345,0.41379310344827586,8.10344827586207
inputs/tp_5y.png,5,438,8.586206896551724,0.6896551724137931,7.896551724137931
inputs/tp_5y.png,5,439,8.724137931034482,0.896551724137931,7.827586206896552
inputs/tp_5y.png,5,440,8.793103448275861,1.103448275862069,7.689655172413792
inputs/tp_5y.png,5,441,8.89655172413793,1.310344827586207,7.586206896551723
inputs/tp_5y.png,5,442,9.0,1.4482758620689657,7.551724137931034
inputs/tp_5y.png,5,443,9.13793103448276,1.5862068965517242,7.551724137931036
inputs/tp_5y.png,5,444,9.275862068965516,1.793103448275862,7.482758620689654
inputs/tp_5y.png,5,445,9.344827586206897,1.8620689655172415,7.482758620689655
inputs/tp_5y.png,5,446,9.344827586206897,1.8620689655172415,7.482758620689655
inputs/tp_5y.png,5,447,9.344827586206897,1.8620689655172415,7.482758620689655
inputs/tp_5y.png,5,448,9.344827586206897,1.9310344827586206,7.413793103448276
inputs/tp_5y.png,5,449,9.310344827586206,1.9310344827586206,7.379310344827585
inputs/tp_5y.png,5,450,9.310344827586206,2.0,7.310344827586206
inputs/tp_5y.png,5,451,9.310344827586206,2.0689655172413794,7.241379310344827
inputs/tp_5y.png,5,452,9.310344827586206,2.137931034482759,7.1724137931034475
inputs/tp_5y.png,5,453,9.310344827586206,2.206896551724138,7.1034482758620685
inputs/tp_5y.png,5,454,9.310344827586206,2.206896551724138,7.1034482758620685
inputs/tp_5y.png,5,455,9.310344827586206,2.206896551724138,7.1034482758620685
inputs/tp_5y.png,5,456,9.344827586206897,2.206896551724138,7.137931034482759
inputs/tp_5y.png,5,457,9.344827586206897,2.2758620689655173,7.068965517241379
inputs/tp_5y.png,5,458,9.413793103448276,2.3448275862068964,7.068965517241379
inputs/tp_5y.png,5,459,9.413793103448276,2.4827586206896552,6.931034482758621
inputs/tp_5y.png,5,460,9.482758620689655,2.5517241379310347,6.93103448275862
inputs/tp_5y.png,5,461,9.551724137931036,2.620689655172414,6.931034482758621
inputs/tp_5y.png,5,462,9.551724137931036,2.5517241379310347,7.000000000000001
inputs/tp_5y.png,5,463,9.620689655172415,2.4827586206896552,7.13793103448276
inputs/tp_5y.png,5,464,9.620689655172415,2.413793103448276,7.206896551724139
inputs/tp_5y.png,5,465,9.655172413793103,2.413793103448276,7.241379310344827
inputs/tp_5y.png,5,466,9.655172413793103,2.4827586206896552,7.172413793103448
inputs/tp_5y.png,5,467,9.689655172413794,2.5517241379310347,7.137931034482759
inputs/tp_5y.png,5,468,9.689655172413794,2.620689655172414,7.068965517241379
inputs/tp_5y.png,5,469,9.689655172413794,2.620689655172414,7.068965517241379
inputs/tp_5y.png,5,470,9.620689655172415,2.620689655172414,7.0
inputs/tp_5y.png,5,471,9.620689655172415,2.5517241379310347,7.06896551724138
inputs/tp_5y.png,5,472,9.551724137931036,2.5517241379310347,7.000000000000001
inputs/tp_5y.png,5,473,9.551724137931036,2.5517241379310347,7.000000000000001
inputs/tp_5y.png,5,474,9.586206896551724,2.5517241379310347,7.0344827586206895
inputs/tp_5y.png,5,475,9.620689655172415,2.5517241379310347,7.06896551724138
inputs/tp_5y.png,5,476,9.689655172413794,2.5517241379310347,7.137931034482759
inputs/tp_5y.png,5,477,9.689655172413794,2.620689655172414,7.068965517241379
inputs/tp_5y.png,5,478,9.758620689655173,2.6896551724137927,7.06896551724138
inputs/tp_5y.png,5,479,9.827586206896552,2.7586206896551726,7.068965517241379
inputs/tp_5y.png,5,480,9.96551724137931,2.8275862068965516,7.137931034482758
inputs/tp_5y.png,5,481,10.103448275862068,2.8965517241379315,7.206896551724136
inputs/tp_5y.png,5,482,10.241379310344827,2.7586206896551726,7.482758620689655
inputs/tp_5y.png,5,483,10.379310344827585,2.620689655172414,7.758620689655171
inputs/tp_5y.png,5,484,10.517241379310345,2.413793103448276,8.10344827586207
inputs/tp_5y.png,5,485,10.724137931034484,2.3448275862068964,8.379310344827587
inputs/tp_5y.png,5,486,10.862068965517242,2.2758620689655173,8.586206896551724
inputs/tp_5y.png,5,487,11.06896551724138,2.206896551724138,8.862068965517242
inputs/tp_5y.png,5,488,11.310344827586206,2.137931034482759,9.172413793103448
inputs/tp_5y.png,5,489,11.517241379310345,2.0689655172413794,9.448275862068966
inputs/tp_5y.png,5,490,11.724137931034482,2.0689655172413794,9.655172413793103
inputs/tp_5y.png,5,491,11.896551724137932,2.137931034482759,9.758620689655174
inputs/tp_5y.png,5,492,12.03448275862069,2.137931034482759,9.896551724137932
inputs/tp_5y.png,5,493,12.10344827586207,2.137931034482759,9.96551724137931
inputs/tp_5y.png,5,494,12.068965517241379,2.206896551724138,9.862068965517242
inputs/tp_5y.png,5,495,11.93103448275862,2.206896551724138,9.72413793103448
inputs/tp_5y.png,5,496,11.793103448275861,2.2758620689655173,9.517241379310343
inputs/tp_5y.png,5,497,11.758620689655173,2.2758620689655173,9.482758620689655
inputs/tp_5y.png,5,498,11.758620689655173,2.413793103448276,9.344827586206897
inputs/tp_5y.png,5,499,11.827586206896552,2.620689655172414,9.206896551724137
inputs/tp_5y.png,5,500,11.86206896551724,2.8275862068965516,9.034482758620689
inputs/tp_5y.png,5,501,11.896551724137932,3.0344827586206895,8.862068965517242
inputs/tp_5y.png,5,502,11.93103448275862,3.2413793103448274,8.689655172413792
inputs/tp_5y.png,5,503,11.896551724137932,3.3793103448275863,8.517241379310345
inputs/tp_5y.png,5,504,11.827586206896552,3.5172413793103448,8.310344827586206
inputs/tp_5y.png,5,505,11.793103448275861,3.6551724137931036,8.137931034482758
inputs/tp_5y.png,5,506,11.827586206896552,3.793103448275862,8.03448275862069
inputs/tp_5y.png,5,507,11.827586206896552,3.862068965517241,7.9655172413793105
inputs/tp_5y.png,5,508,11.896551724137932,3.862068965517241,8.03448275862069
inputs/tp_5y.png,5,509,11.965517241379311,3.931034482758621,8.03448275862069
inputs/tp_5y.png,5,510,12.03448275862069,3.793103448275862,8.24137931034483
inputs/tp_5y.png,5,511,12.10344827586207,3.6551724137931036,8.448275862068966
inputs/tp_5y.png,5,512,12.275862068965518,3.4482758620689657,8.827586206896552
inputs/tp_5y.png,5,513,12.448275862068964,3.2413793103448274,9.206896551724137
inputs/tp_5y.png,5,514,12.620689655172415,3.103448275862069,9.517241379310345
inputs/tp_5y.png,5,515,12.793103448275861,2.96551724137931,9.827586206896552
inputs/tp_5y.png,5,516,12.931034482758621,2.8275862068965516,10.10344827586207
inputs/tp_5y.png,5,517,13.06896551724138,2.6896551724137927,10.379310344827587
inputs/tp_5y.png,5,518,13.206896551724139,2.620689655172414,10.586206896551724
inputs/tp_5y.png,5,519,13.310344827586206,2.6896551724137927,10.620689655172413
inputs/tp_5y.png,5,520,13.517241379310345,2.8275862068965516,10.689655172413794
inputs/tp_5y.png,5,521,13.758620689655173,2.8965517241379315,10.862068965517242
inputs/tp_5y.png,5,522,14.03448275862069,2.96551724137931,11.06896551724138
inputs/tp_5y.png,5,523,14.275862068965516,2.96551724137931,11.310344827586206
inputs/tp_5y.png,5,524,14.551724137931036,2.96551724137931,11.586206896551726
inputs/tp_5y.png,5,525,14.862068965517242,2.96551724137931,11.896551724137932
inputs/tp_5y.png,5,526,15.137931034482758,2.96551724137931,12.172413793103448
inputs/tp_5y.png,5,527,15.448275862068964,3.103448275862069,12.344827586206895
inputs/tp_5y.png,5,528,15.655172413793103,3.2413793103448274,12.413793103448276
inputs/tp_5y.png,5,529,15.827586206896552,3.4482758620689657,12.379310344827585
inputs/tp_5y.png,5,530,15.96551724137931,3.586206896551724,12.379310344827585
inputs/tp_5y.png,5,531,16.103448275862068,3.5172413793103448,12.586206896551722
inputs/tp_5y.png,5,532,16.103448275862068,3.3793103448275863,12.72413793103448
inputs/tp_5y.png,5,533,16.137931034482758,3.2413793103448274,12.89655172413793
inputs/tp_5y.png,5,534,16.17241379310345,3.1724137931034484,13.0
inputs/tp_5y.png,5,535,16.17241379310345,2.96551724137931,13.206896551724139
inputs/tp_5y.png,5,536,16.310344827586206,2.8275862068965516,13.482758620689655
inputs/tp_5y.png,5,537,16.482758620689655,2.6896551724137927,13.793103448275861
inputs/tp_5y.png,5,538,16.655172413793103,2.5517241379310347,14.103448275862068
inputs/tp_5y.png,5,539,16.862068965517242,2.620689655172414,14.241379310344827
inputs/tp_5y.png,5,540,17.06896551724138,2.8965517241379315,14.172413793103448
inputs/tp_5y.png,5,541,17.379310344827587,3.103448275862069,14.275862068965518
inputs/tp_5y.png,5,542,17.620689655172413,3.3793103448275863,14.241379310344826
inputs/tp_10y.png,10,59,12.875,3.9375,8.9375
inputs/tp_10y.png,10,60,12.53125,3.9375,8.59375
inputs/tp_10y.png,10,61,12.34375,3.9375,8.40625
inputs/tp_10y.png,10,62,12.28125,3.9375,8.34375
inputs/tp_10y.png,10,63,12.3125,3.5625,8.75
inputs/tp_10y.png,10,64,12.375,3.1875,9.1875
inputs/tp_10y.png,10,65,12.375,2.8125,9.5625
inputs/tp_10y.png,10,66,12.0,2.5625,9.4375
inputs/tp_10y.png,10,67,11.625,2.75,8.875
inputs/tp_10y.png,10,68,11.25,3.0,8.25
inputs/tp_10y.png,10,69,11.0,3.25,7.75
inputs/tp_10y.png,10,70,10.84375,3.5,7.34375
inputs/tp_10y.png,10,71,10.71875,3.5,7.21875
inputs/tp_10y.png,10,72,10.5625,3.5,7.0625
inputs/tp_10y.png,10,73,10.4375,3.4375,7.0
inputs/tp_10y.png,10,74,10.40625,3.375,7.03125
inputs/tp_10y.png,10,75,10.40625,3.0625,7.34375
inputs/tp_10y.png,10,76,10.46875,2.75,7.71875
inputs/tp_10y.png,10,77,10.5625,2.4375,8.125
inputs/tp_10y.png,10,78,10.65625,2.125,8.53125
inputs/tp_10y.png,10,79,10.71875,1.875,8.84375
inputs/tp_10y.png,10,80,10.75,1.6875,9.0625
inputs/tp_10y.png,10,81,10.75,1.5,9.25
inputs/tp_10y.png,10,82,10.71875,1.3125,9.40625
inputs/tp_10y.png,10,83,10.75,1.1875,9.5625
inputs/tp_10y.png,10,84,10.78125,1.1875,9.59375
inputs/tp_10y.png,10,85,10.90625,1.125,9.78125
inputs/tp_10y.png,10,86,11.0,1.125,9.875
inputs/tp_10y.png,10,87,11.09375,1.125,9.96875
inputs/tp_10y.png,10,88,11.1875,1.1875,10.0
inputs/tp_10y.png,10,89,11.21875,1.25,9.96875
inputs/tp_10y.png,10,90,11.09375,1.3125,9.78125
inputs/tp_10y.png,10,91,10.84375,1.4375,9.40625
inputs/tp_10y.png,10,92,10.59375,1.5625,9.03125
inputs/tp_10y.png,10,93,10.34375,1.6875,8.65625
inputs/tp_10y.png,10,94,10.1875,1.8125,8.375
inputs/tp_10y.png,10,95,10.0625,1.9375,8.125
inputs/tp_10y.png,10,96,9.90625,2.125,7.78125
inputs/tp_10y.png,10,97,9.78125,2.3125,7.46875
inputs/tp_10y.png,10,98,9.71875,2.5,7.21875
inputs/tp_10y.png,10,99,9.65625,2.6875,6.96875
inputs/tp_10y.png,10,100,9.65625,2.75,6.90625
inputs/tp_10y.png,10,101,9.65625,2.75,6.90625
inputs/tp_10y.png,10,102,9.65625,2.75,6.90625
inputs/tp_10y.png,10,103,9.65625,2.6875,6.96875
inputs/tp_10y.png,10,104,9.65625,2.4375,7.21875
inputs/tp_10y.png,10,105,9.78125,2.1875,7.59375
inputs/tp_10y.png,10,106,9.90625,1.9375,7.96875
inputs/tp_10y.png,10,107,10.0625,1.75,8.3125
inputs/tp_10y.png,10,108,10.09375,1.8125,8.28125
inputs/tp_10y.png,10,109,10.0625,1.875,8.1875
inputs/tp_10y.png,10,110,9.96875,1.9375,8.03125
inputs/tp_10y.png,10,111,9.75,1.9375,7.8125
inputs/tp_10y.png,10,112,9.53125,1.9375,7.59375
inputs/tp_10y.png,10,113,9.34375,1.875,7.46875
inputs/tp_10y.png,10,114,9.15625,1.8125,7.34375
inputs/tp_10y.png,10,115,9.15625,1.75,7.40625
inputs/tp_10y.png,10,116,9.125,1.75,7.375
inputs/tp_10y.png,10,117,9.09375,1.8125,7.28125
inputs/tp_10y.png,10,118,9.09375,1.8125,7.28125
inputs/tp_10y.png,10,119,9.03125,1.8125,7.21875
inputs/tp_10y.png,10,120,8.96875,1.875,7.09375
inputs/tp_10y.png,10,121,8.90625,1.9375,6.96875
inputs/tp_10y.png,10,122,8.8125,2.0,6.8125
inputs/tp_10y.png,10,123,8.75,2.0625,6.6875
inputs/tp_10y.png,10,124,8.6875,2.125,6.5625
inputs/tp_10y.png,10,125,8.65625,2.1875,6.46875
inputs/tp_10y.png,10,126,8.59375,2.3125,6.28125
inputs/tp_10y.png,10,127,8.53125,2.375,6.15625
inputs/tp_10y.png,10,128,8.46875,2.375,6.09375
inputs/tp_10y.png,10,129,8.4375,2.25,6.1875
inputs/tp_10y.png,10,130,8.40625,2.125,6.28125
inputs/tp_10y.png,10,131,8.34375,2.0,6.34375
inputs/tp_10y.png,10,132,8.34375,1.9375,6.40625
inputs/tp_10y.png,10,133,8.28125,2.0,6.28125
inputs/tp_10y.png,10,134,8.28125,2.0,6.28125
inputs/tp_10y.png,10,135,8.21875,2.0625,6.15625
inputs/tp_10y.png,10,136,8.1875,2.125,6.0625
inputs/tp_10y.png,10,137,8.15625,2.125,6.03125
inputs/tp_10y.png,10,138,8.125,2.1875,5.9375
inputs/tp_10y.png,10,139,8.09375,2.1875,5.90625
inputs/tp_10y.png,10,140,8.09375,2.1875,5.90625
inputs/tp_10y.png,10,141,8.09375,2.125,5.96875
inputs/tp_10y.png,10,142,8.15625,2.0625,6.09375
inputs/tp_10y.png,10,143,8.21875,2.0,6.21875
inputs/tp_10y.png,10,144,8.28125,1.9375,6.34375
inputs/tp_10y.png,10,145,8.34375,1.75,6.59375
inputs/tp_10y.png,10,146,8.4375,1.625,6.8125
inputs/tp_10y.png,10,147,8.53125,1.5,7.03125
inputs/tp_10y.png,10,148,8.59375,1.4375,7.15625
inputs/tp_10y.png,10,149,8.59375,1.4375,7.15625
inputs/tp_10y.png,10,150,8.59375,1.5,7.09375
inputs/tp_10y.png,10,151,8.53125,1.5625,6.96875
inputs/tp_10y.png,10,152,8.4375,1.625,6.8125
inputs/tp_10y.png,10,153,8.34375,1.6875,6.65625
inputs/tp_10y.png,10,154,8.28125,1.8125,6.46875
inputs/tp_10y.png,10,155,8.1875,1.9375,6.25
inputs/tp_10y.png,10,156,8.15625,2.0625,6.09375
inputs/tp_10y.png,10,157,8.15625,2.0625,6.09375
inputs/tp_10y.png,10,158,8.15625,2.0625,6.09375
inputs/tp_10y.png,10,159,8.15625,2.0,6.15625
inputs/tp_10y.png,10,160,8.15625,2.0,6.15625
inputs/tp_10y.png,10,161,8.125,2.0,6.125
inputs/tp_10y.png,10,162,8.09375,2.0,6.09375
inputs/tp_10y.png,10,163,8.0625,2.0,6.0625
inputs/tp_10y.png,10,164,8.03125,2.0,6.03125
inputs/tp_10y.png,10,165,7.96875,1.9375,6.03125
inputs/tp_10y.png,10,166,7.90625,1.9375,5.96875
inputs/tp_10y.png,10,167,7.875,1.9375,5.9375
inputs/tp_10y.png,10,168,7.78125,1.875,5.90625
inputs/tp_10y.png,10,169,7.71875,1.875,5.84375
inputs/tp_10y.png,10,170,7.65625,1.875,5.78125
inputs/tp_10y.png,10,171,7.59375,1.875,5.71875
inputs/tp_10y.png,10,172,7.53125,1.875,5.65625
inputs/tp_10y.png,10,173,7.53125,1.75,5.78125
inputs/tp_10y.png,10,174,7.59375,1.6875,5.90625
inputs/tp_10y.png,10,175,7.59375,1.5625,6.03125
inputs/tp_10y.png,10,176,7.65625,1.5,6.15625
inputs/tp_10y.png,10,177,7.65625,1.375,6.28125
inputs/tp_10y.png,10,178,7.71875,1.3125,6.40625
inputs/tp_10y.png,10,179,7.71875,1.25,6.46875
inputs/tp_10y.png,10,180,7.75,1.1875,6.5625
inputs/tp_10y.png,10,181,7.78125,1.125,6.65625
inputs/tp_10y.png,10,182,7.75,1.125,6.625
inputs/tp_10y.png,10,183,7.71875,1.0625,6.65625
inputs/tp_10y.png,10,184,7.71875,1.0,6.71875
inputs/tp_10y.png,10,185,7.6875,1.0,6.6875
inputs/tp_10y.png,10,186,7.65625,1.0,6.65625
inputs/tp_10y.png,10,187,7.59375,0.9375,6.65625
inputs/tp_10y.png,10,188,7.53125,0.9375,6.59375
inputs/tp_10y.png,10,189,7.53125,0.875,6.65625
inputs/tp_10y.png,10,190,7.53125,0.8125,6.71875
inputs/tp_10y.png,10,191,7.53125,0.75,6.78125
inputs/tp_10y.png,10,192,7.53125,0.6875,6.84375
inputs/tp_10y.png,10,193,7.53125,0.625,6.90625
inputs/tp_10y.png,10,194,7.53125,0.5625,6.96875
inputs/tp_10y.png,10,195,7.5625,0.5,7.0625
inputs/tp_10y.png,10,196,7.5625,0.375,7.1875
inputs/tp_10y.png,10,197,7.59375,0.3125,7.28125
inputs/tp_10y.png,10,198,7.59375,0.3125,7.28125
inputs/tp_10y.png,10,199,7.5625,0.375,7.1875
inputs/tp_10y.png,10,200,7.5625,0.375,7.1875
inputs/tp_10y.png,10,201,7.53125,0.375,7.15625
inputs/tp_10y.png,10,202,7.53125,0.3125,7.21875
inputs/tp_10y.png,10,203,7.46875,0.25,7.21875
inputs/tp_10y.png,10,204,7.46875,0.25,7.21875
inputs/tp_10y.png,10,205,7.375,0.1875,7.1875
inputs/tp_10y.png,10,206,7.28125,0.125,7.15625
inputs/tp_10y.png,10,207,7.21875,0.125,7.09375
inputs/tp_10y.png,10,208,7.15625,0.125,7.03125
inputs/tp_10y.png,10,209,7.09375,0.125,6.96875
inputs/tp_10y.png,10,210,7.09375,0.125,6.96875
inputs/tp_10y.png,10,211,7.09375,0.0625,7.03125
inputs/tp_10y.png,10,212,7.09375,0.0625,7.03125
inputs/tp_10y.png,10,213,7.09375,0.0625,7.03125
inputs/tp_10y.png,10,214,7.09375,0.125,6.96875
inputs/tp_10y.png,10,215,7.15625,0.1875,6.96875
inputs/tp_10y.png,10,216,7.1875,0.1875,7.0
inputs/tp_10y.png,10,217,7.21875,0.25,6.96875
inputs/tp_10y.png,10,218,7.28125,0.3125,6.96875
inputs/tp_10y.png,10,219,7.3125,0.375,6.9375
inputs/tp_10y.png,10,220,7.34375,0.4375,6.90625
inputs/tp_10y.png,10,221,7.34375,0.5,6.84375
inputs/tp_10y.png,10,222,7.40625,0.5625,6.84375
inputs/tp_10y.png,10,223,7.40625,0.625,6.78125
inputs/tp_10y.png,10,224,7.46875,0.6875,6.78125
inputs/tp_10y.png,10,225,7.53125,0.6875,6.84375
inputs/tp_10y.png,10,226,7.59375,0.75,6.84375
inputs/tp_10y.png,10,227,7.65625,0.75,6.90625
inputs/tp_10y.png,10,228,7.65625,0.8125,6.84375
inputs/tp_10y.png,10,229,7.6875,0.8125,6.875
inputs/tp_10y.png,10,230,7.71875,0.8125,6.90625
inputs/tp_10y.png,10,231,7.78125,1.0,6.78125
inputs/tp_10y.png,10,232,7.90625,1.125,6.78125
inputs/tp_10y.png,10,233,8.09375,1.25,6.84375
inputs/tp_10y.png,10,234,8.25,1.375,6.875
inputs/tp_10y.png,10,235,8.40625,1.5,6.90625
inputs/tp_10y.png,10,236,8.53125,1.625,6.90625
inputs/tp_10y.png,10,237,8.65625,1.75,6.90625
inputs/tp_10y.png,10,238,8.71875,1.875,6.84375
inputs/tp_10y.png,10,239,8.78125,1.75,7.03125
inputs/tp_10y.png,10,240,8.71875,1.6875,7.03125
inputs/tp_10y.png,10,241,8.71875,1.625,7.09375
inputs/tp_10y.png,10,242,8.65625,1.5,7.15625
inputs/tp_10y.png,10,243,8.71875,1.5625,7.15625
inputs/tp_10y.png,10,244,8.71875,1.5625,7.15625
inputs/tp_10y.png,10,245,8.75,1.625,7.125
inputs/tp_10y.png,10,246,8.78125,1.625,7.15625
inputs/tp_10y.png,10,247,8.78125,1.625,7.15625
inputs/tp_10y.png,10,248,8.75,1.5625,7.1875
inputs/tp_10y.png,10,249,8.71875,1.5,7.21875
inputs/tp_10y.png,10,250,8.65625,1.5,7.15625
inputs/tp_10y.png,10,251,8.59375,1.375,7.21875
inputs/tp_10y.png,10,252,8.5,1.3125,7.1875
inputs/tp_10y.png,10,253,8.40625,1.1875,7.21875
inputs/tp_10y.png,10,254,8.375,1.125,7.25
inputs/tp_10y.png,10,255,8.34375,1.0,7.34375
inputs/tp_10y.png,10,256,8.34375,0.9375,7.40625
inputs/tp_10y.png,10,257,8.3125,0.875,7.4375
inputs/tp_10y.png,10,258,8.28125,0.8125,7.46875
inputs/tp_10y.png,10,259,8.28125,0.8125,7.46875
inputs/tp_10y.png,10,260,8.28125,0.8125,7.46875
inputs/tp_10y.png,10,261,8.28125,0.8125,7.46875
inputs/tp_10y.png,10,262,8.28125,0.8125,7.46875
inputs/tp_10y.png,10,263,8.28125,0.8125,7.46875
inputs/tp_10y.png,10,264,8.28125,0.8125,7.46875
inputs/tp_10y.png,10,265,8.28125,0.75,7.53125
inputs/tp_10y.png,10,266,8.25,0.6875,7.5625
inputs/tp_10y.png,10,267,8.21875,0.6875,7.53125
inputs/tp_10y.png,10,268,8.15625,0.625,7.53125
inputs/tp_10y.png,10,269,8.09375,0.5625,7.53125
inputs/tp_10y.png,10,270,8.0,0.5,7.5
inputs/tp_10y.png,10,271,7.90625,0.4375,7.46875
inputs/tp_10y.png,10,272,7.78125,0.3125,7.46875
inputs/tp_10y.png,10,273,7.65625,0.1875,7.46875
inputs/tp_10y.png,10,274,7.59375,0.125,7.46875
inputs/tp_10y.png,10,275,7.53125,0.0625,7.46875
inputs/tp_10y.png,10,276,7.46875,0.0625,7.40625
inputs/tp_10y.png,10,277,7.40625,0.0625,7.34375
inputs/tp_10y.png,10,278,7.34375,0.0625,7.28125
inputs/tp_10y.png,10,279,7.34375,0.0625,7.28125
inputs/tp_10y.png,10,280,7.3125,0.125,7.1875
inputs/tp_10y.png,10,281,7.28125,0.125,7.15625
inputs/tp_10y.png,10,282,7.28125,0.1875,7.09375
inputs/tp_10y.png,10,283,7.25,0.25,7.0
inputs/tp_10y.png,10,284,7.1875,0.1875,7.0
inputs/tp_10y.png,10,285,7.15625,0.1875,6.96875
inputs/tp_10y.png,10,286,7.09375,0.1875,6.90625
inputs/tp_10y.png,10,287,6.96875,0.1875,6.78125
inputs/tp_10y.png,10,288,6.90625,0.125,6.78125
inputs/tp_10y.png,10,289,6.78125,0.125,6.65625
inputs/tp_10y.png,10,290,6.71875,0.125,6.59375
inputs/tp_10y.png,10,291,6.65625,0.0625,6.59375
inputs/tp_10y.png,10,292,6.59375,0.0625,6.53125
inputs/tp_10y.png,10,293,6.5625,0.0625,6.5
inputs/tp_10y.png,10,294,6.53125,0.0625,6.46875
inputs/tp_10y.png,10,295,6.46875,0.0625,6.40625
inputs/tp_10y.png,10,296,6.46875,0.0625,6.40625
inputs/tp_10y.png,10,297,6.4375,0.125,6.3125
inputs/tp_10y.png,10,298,6.4375,0.125,6.3125
inputs/tp_10y.png,10,299,6.40625,0.1875,6.21875
inputs/tp_10y.png,10,300,6.34375,0.1875,6.15625
inputs/tp_10y.png,10,301,6.3125,0.1875,6.125
inputs/tp_10y.png,10,302,6.28125,0.1875,6.09375
inputs/tp_10y.png,10,303,6.21875,0.1875,6.03125
inputs/tp_10y.png,10,304,6.21875,0.1875,6.03125
inputs/tp_10y.png,10,305,6.15625,0.1875,5.96875
inputs/tp_10y.png,10,306,6.15625,0.25,5.90625
inputs/tp_10y.png,10,307,6.125,0.25,5.875
inputs/tp_10y.png,10,308,6.125,0.25,5.875
inputs/tp_10y.png,10,309,6.15625,0.5625,5.59375
inputs/tp_10y.png,10,310,6.40625,0.875,5.53125
inputs/tp_10y.png,10,311,6.6875,1.25,5.4375
inputs/tp_10y.png,10,312,6.84375,1.3125,5.53125
inputs/tp_10y.png,10,313,6.71875,1.125,5.59375
inputs/tp_10y.png,10,314,6.53125,0.9375,5.59375
inputs/tp_10y.png,10,315,6.375,0.6875,5.6875
inputs/tp_10y.png,10,316,6.1875,0.5625,5.625
inputs/tp_10y.png,10,317,6.03125,0.4375,5.59375
inputs/tp_10y.png,10,318,5.84375,0.3125,5.53125
inputs/tp_10y.png,10,319,5.75,0.25,5.5
inputs/tp_10y.png,10,320,5.71875,0.1875,5.53125
inputs/tp_10y.png,10,321,5.71875,0.25,5.46875
inputs/tp_10y.png,10,322,5.71875,0.375,5.34375
inputs/tp_10y.png,10,323,5.71875,0.4375,5.28125
inputs/tp_10y.png,10,324,5.71875,0.5625,5.15625
inputs/tp_10y.png,10,325,5.71875,0.75,4.96875
inputs/tp_10y.png,10,326,5.78125,1.0,4.78125
inputs/tp_10y.png,10,327,5.8125,1.25,4.5625
inputs/tp_10y.png,10,328,5.84375,1.5,4.34375
inputs/tp_10y.png,10,329,5.90625,1.6875,4.21875
inputs/tp_10y.png,10,330,5.96875,1.8125,4.15625
inputs/tp_10y.png,10,331,6.03125,1.9375,4.09375
inputs/tp_10y.png,10,332,6.09375,2.0625,4.03125
inputs/tp_10y.png,10,333,6.125,2.125,4.0
inputs/tp_10y.png,10,334,6.15625,2.1875,3.96875
inputs/tp_10y.png,10,335,6.21875,2.25,3.96875
inputs/tp_10y.png,10,336,6.21875,2.25,3.96875
inputs/tp_10y.png,10,337,6.25,2.25,4.0
inputs/tp_10y.png,10,338,6.21875,2.1875,4.03125
inputs/tp_10y.png,10,339,6.1875,2.1875,4.0
inputs/tp_10y.png,10,340,6.15625,2.125,4.03125
inputs/tp_10y.png,10,341,6.15625,2.125,4.03125
inputs/tp_10y.png,10,342,6.09375,2.0625,4.03125
inputs/tp_10y.png,10,343,6.09375,2.0625,4.03125
inputs/tp_10y.png,10,344,6.0625,2.0625,4.0
inputs/tp_10y.png,10,345,6.0625,2.0625,4.0
inputs/tp_10y.png,10,346,6.0625,2.0625,4.0
inputs/tp_10y.png,10,347,6.0625,2.125,3.9375
inputs/tp_10y.png,10,348,6.09375,2.125,3.96875
inputs/tp_10y.png,10,349,6.09375,2.1875,3.90625
inputs/tp_10y.png,10,350,6.125,2.1875,3.9375
inputs/tp_10y.png,10,351,6.1875,2.1875,4.0
inputs/tp_10y.png,10,352,6.28125,2.25,4.03125
inputs/tp_10y.png,10,353,6.34375,2.3125,4.03125
inputs/tp_10y.png,10,354,6.40625,2.375,4.03125
inputs/tp_10y.png,10,355,6.46875,2.5,3.96875
inputs/tp_10y.png,10,356,6.59375,2.625,3.96875
inputs/tp_10y.png,10,357,6.65625,2.6875,3.96875
inputs/tp_10y.png,10,358,6.75,2.8125,3.9375
inputs/tp_10y.png,10,359,6.84375,2.875,3.96875
inputs/tp_10y.png,10,360,6.90625,3.0,3.90625
inputs/tp_10y.png,10,361,6.96875,3.0625,3.90625
inputs/tp_10y.png,10,362,7.03125,3.0625,3.96875
inputs/tp_10y.png,10,363,7.09375,3.0625,4.03125
inputs/tp_10y.png,10,364,7.125,3.0,4.125
inputs/tp_10y.png,10,365,7.15625,3.0,4.15625
inputs/tp_10y.png,10,366,7.15625,2.9375,4.21875
inputs/tp_10y.png,10,367,7.15625,2.8125,4.34375
inputs/tp_10y.png,10,368,7.125,2.75,4.375
inputs/tp_10y.png,10,369,7.125,2.6875,4.4375
inputs/tp_10y.png,10,370,7.125,2.625,4.5
inputs/tp_10y.png,10,371,7.125,2.5,4.625
inputs/tp_10y.png,10,372,7.125,2.4375,4.6875
inputs/tp_10y.png,10,373,7.125,2.3125,4.8125
inputs/tp_10y.png,10,374,7.09375,2.1875,4.90625
inputs/tp_10y.png,10,375,7.09375,2.0625,5.03125
inputs/tp_10y.png,10,376,7.0625,1.9375,5.125
inputs/tp_10y.png,10,377,7.03125,1.8125,5.21875
inputs/tp_10y.png,10,378,7.03125,1.5625,5.46875
inputs/tp_10y.png,10,379,7.03125,1.375,5.65625
inputs/tp_10y.png,10,380,6.96875,1.1875,5.78125
inputs/tp_10y.png,10,381,6.96875,1.0,5.96875
inputs/tp_10y.png,10,382,6.96875,0.9375,6.03125
inputs/tp_10y.png,10,383,7.03125,0.875,6.15625
inputs/tp_10y.png,10,384,7.0625,0.875,6.1875
inputs/tp_10y.png,10,385,7.09375,0.8125,6.28125
inputs/tp_10y.png,10,386,7.15625,0.8125,6.34375
inputs/tp_10y.png,10,387,7.21875,0.9375,6.28125
inputs/tp_10y.png,10,388,7.34375,1.0,6.34375
inputs/tp_10y.png,10,389,7.4375,1.0625,6.375
inputs/tp_10y.png,10,390,7.5625,1.125,6.4375
inputs/tp_10y.png,10,391,7.6875,1.125,6.5625
inputs/tp_10y.png,10,392,7.84375,1.1875,6.65625
inputs/tp_10y.png,10,393,7.96875,1.1875,6.78125
inputs/tp_10y.png,10,394,8.125,1.1875,6.9375
inputs/tp_10y.png,10,395,8.21875,1.1875,7.03125
inputs/tp_10y.png,10,396,8.28125,1.125,7.15625
inputs/tp_10y.png,10,397,8.34375,1.125,7.21875
inputs/tp_10y.png,10,398,8.40625,1.125,7.28125
inputs/tp_10y.png,10,399,8.46875,1.125,7.34375
inputs/tp_10y.png,10,400,8.59375,1.125,7.46875
inputs/tp_10y.png,10,401,8.78125,1.125,7.65625
inputs/tp_10y.png,10,402,8.90625,1.1875,7.71875
inputs/tp_10y.png,10,403,9.09375,1.3125,7.78125
inputs/tp_10y.png,10,404,9.28125,1.375,7.90625
inputs/tp_10y.png,10,405,9.5,1.5,8.0
inputs/tp_10y.png,10,406,9.71875,1.625,8.09375
inputs/tp_10y.png,10,407,9.9375,1.875,8.0625
inputs/tp_10y.png,10,408,10.4375,2.1875,8.25
inputs/tp_10y.png,10,409,11.125,2.5,8.625
inputs/tp_10y.png,10,410,11.625,2.8125,8.8125
inputs/tp_10y.png,10,411,11.375,3.9375,7.4375
inputs/tp_10y.png,10,412,10.8125,5.4375,5.375
inputs/tp_10y.png,10,413,10.59375,6.875,3.71875
inputs/tp_10y.png,10,414,10.4375,8.125,2.3125
inputs/tp_10y.png,10,415,10.3125,7.4375,2.875
inputs/tp_10y.png,10,416,10.15625,6.6875,3.46875
inputs/tp_10y.png,10,417,9.9375,6.0,3.9375
inputs/tp_10y.png,10,418,9.65625,5.3125,4.34375
inputs/tp_10y.png,10,419,9.375,4.625,4.75
inputs/tp_10y.png,10,420,9.09375,4.0,5.09375
inputs/tp_10y.png,10,421,8.90625,3.3125,5.59375
inputs/tp_10y.png,10,422,8.90625,2.625,6.28125
inputs/tp_10y.png,10,423,8.90625,2.0625,6.84375
inputs/tp_10y.png,10,424,8.875,1.4375,7.4375
inputs/tp_10y.png,10,425,8.875,0.8125,8.0625
inputs/tp_10y.png,10,426,8.875,0.3125,8.5625
inputs/tp_10y.png,10,427,8.875,0.3125,8.5625
inputs/tp_10y.png,10,428,8.875,0.375,8.5
inputs/tp_10y.png,10,429,8.90625,0.4375,8.46875
inputs/tp_10y.png,10,430,8.90625,0.5625,8.34375
inputs/tp_10y.png,10,431,8.90625,0.6875,8.21875
inputs/tp_10y.png,10,432,8.96875,1.0,7.96875
inputs/tp_10y.png,10,433,9.15625,1.3125,7.84375
inputs/tp_10y.png,10,434,9.3125,1.625,7.6875
inputs/tp_10y.png,10,435,9.46875,1.875,7.59375
inputs/tp_10y.png,10,436,9.625,2.0625,7.5625
inputs/tp_10y.png,10,437,9.78125,2.25,7.53125
inputs/tp_10y.png,10,438,9.9375,2.4375,7.5
inputs/tp_10y.png,10,439,10.09375,2.5625,7.53125
inputs/tp_10y.png,10,440,10.15625,2.625,7.53125
inputs/tp_10y.png,10,441,10.21875,2.6875,7.53125
inputs/tp_10y.png,10,442,10.21875,2.75,7.46875
inputs/tp_10y.png,10,443,10.25,2.8125,7.4375
inputs/tp_10y.png,10,444,10.25,2.875,7.375
inputs/tp_10y.png,10,445,10.28125,2.9375,7.34375
inputs/tp_10y.png,10,446,10.28125,3.0625,7.21875
inputs/tp_10y.png,10,447,10.28125,3.125,7.15625
inputs/tp_10y.png,10,448,10.3125,3.125,7.1875
inputs/tp_10y.png,10,449,10.34375,3.1875,7.15625
inputs/tp_10y.png,10,450,10.34375,3.1875,7.15625
inputs/tp_10y.png,10,451,10.375,3.1875,7.1875
inputs/tp_10y.png,10,452,10.40625,3.375,7.03125
inputs/tp_10y.png,10,453,10.46875,3.5,6.96875
inputs/tp_10y.png,10,454,10.5625,3.625,6.9375
inputs/tp_10y.png,10,455,10.65625,3.75,6.90625
inputs/tp_10y.png,10,456,10.71875,3.6875,7.03125
inputs/tp_10y.png,10,457,10.71875,3.625,7.09375
inputs/tp_10y.png,10,458,10.71875,3.5625,7.15625
inputs/tp_10y.png,10,459,10.78125,3.5,7.28125
inputs/tp_10y.png,10,460,10.78125,3.5625,7.21875
inputs/tp_10y.png,10,461,10.8125,3.625,7.1875
inputs/tp_10y.png,10,462,10.84375,3.6875,7.15625
inputs/tp_10y.png,10,463,10.84375,3.75,7.09375
inputs/tp_10y.png,10,464,10.84375,3.75,7.09375
inputs/tp_10y.png,10,465,10.84375,3.75,7.09375
inputs/tp_10y.png,10,466,10.84375,3.75,7.09375
inputs/tp_10y.png,10,467,10.8125,3.75,7.0625
inputs/tp_10y.png,10,468,10.84375,3.75,7.09375
inputs/tp_10y.png,10,469,10.84375,3.75,7.09375
inputs/tp_10y.png,10,470,10.875,3.75,7.125
inputs/tp_10y.png,10,471,10.90625,3.75,7.15625
inputs/tp_10y.png,10,472,10.90625,3.75,7.15625
inputs/tp_10y.png,10,473,10.96875,3.75,7.21875
inputs/tp_10y.png,10,474,11.03125,3.75,7.28125
inputs/tp_10y.png,10,475,11.09375,3.75,7.34375
inputs/tp_10y.png,10,476,11.15625,3.5,7.65625
inputs/tp_10y.png,10,477,11.15625,3.1875,7.96875
inputs/tp_10y.png,10,478,11.21875,2.9375,8.28125
inputs/tp_10y.png,10,479,11.21875,2.6875,8.53125
inputs/tp_10y.png,10,480,11.28125,2.6875,8.59375
inputs/tp_10y.png,10,481,11.34375,2.75,8.59375
inputs/tp_10y.png,10,482,11.40625,2.8125,8.59375
inputs/tp_10y.png,10,483,11.53125,2.8125,8.71875
inputs/tp_10y.png,10,484,11.59375,2.875,8.71875
inputs/tp_10y.png,10,485,11.71875,3.0,8.71875
inputs/tp_10y.png,10,486,11.8125,3.0625,8.75
inputs/tp_10y.png,10,487,11.9375,3.1875,8.75
inputs/tp_10y.png,10,488,12.03125,3.25,8.78125
inputs/tp_10y.png,10,489,11.96875,3.1875,8.78125
inputs/tp_10y.png,10,490,11.90625,3.125,8.78125
inputs/tp_10y.png,10,491,11.84375,3.125,8.71875
inputs/tp_10y.png,10,492,11.84375,3.0625,8.78125
inputs/tp_10y.png,10,493,11.84375,3.0625,8.78125
inputs/tp_10y.png,10,494,11.90625,3.0625,8.84375
inputs/tp_10y.png,10,495,11.9375,3.0625,8.875
inputs/tp_10y.png,10,496,11.90625,3.125,8.78125
inputs/tp_10y.png,10,497,11.84375,3.25,8.59375
inputs/tp_10y.png,10,498,11.78125,3.375,8.40625
inputs/tp_10y.png,10,499,11.71875,3.5625,8.15625
inputs/tp_10y.png,10,500,11.71875,3.6875,8.03125
inputs/tp_10y.png,10,501,11.75,3.75,8.0
inputs/tp_10y.png,10,502,11.8125,3.8125,8.0
inputs/tp_10y.png,10,503,11.875,3.875,8.0
inputs/tp_10y.png,10,504,11.9375,3.8125,8.125
inputs/tp_10y.png,10,505,12.0,3.5625,8.4375
inputs/tp_10y.png,10,506,12.15625,3.375,8.78125
inputs/tp_10y.png,10,507,12.375,3.125,9.25
inputs/tp_10y.png,10,508,12.59375,2.875,9.71875
inputs/tp_10y.png,10,509,12.8125,2.75,10.0625
inputs/tp_10y.png,10,510,13.0,2.625,10.375
inputs/tp_10y.png,10,511,13.125,2.5,10.625
inputs/tp_10y.png,10,512,13.28125,2.3125,10.96875
inputs/tp_10y.png,10,513,13.40625,2.25,11.15625
inputs/tp_10y.png,10,514,13.5625,2.25,11.3125
inputs/tp_10y.png,10,515,13.71875,2.1875,11.53125
inputs/tp_10y.png,10,516,13.90625,2.125,11.78125
inputs/tp_10y.png,10,517,14.0625,2.125,11.9375
inputs/tp_10y.png,10,518,14.25,2.1875,12.0625
inputs/tp_10y.png,10,519,14.46875,2.25,12.21875
inputs/tp_10y.png,10,520,14.65625,2.3125,12.34375
inputs/tp_10y.png,10,521,14.875,2.4375,12.4375
inputs/tp_10y.png,10,522,15.09375,2.5625,12.53125
inputs/tp_10y.png,10,523,15.21875,2.6875,12.53125
inputs/tp_10y.png,10,524,15.34375,2.875,12.46875
inputs/tp_10y.png,10,525,15.46875,2.9375,12.53125
inputs/tp_10y.png,10,526,15.4375,2.875,12.5625
inputs/tp_10y.png,10,527,15.40625,2.875,12.53125
inputs/tp_10y.png,10,528,15.34375,2.8125,12.53125
inputs/tp_10y.png,10,529,15.34375,2.8125,12.53125
inputs/tp_10y.png,10,530,15.40625,2.875,12.53125
inputs/tp_10y.png,10,531,15.46875,2.9375,12.53125
inputs/tp_10y.png,10,532,15.5,3.0,12.5
inputs/tp_10y.png,10,533,15.53125,3.0625,12.46875
inputs/tp_10y.png,10,534,15.625,3.1875,12.4375
inputs/tp_10y.png,10,535,15.78125,3.3125,12.46875
inputs/tp_10y.png,10,536,15.96875,3.4375,12.53125
