date,tenor_years,source_file,observed,tp,risk_neutral
2015-01-31,2,inputs/tp_2y.png,14.758064516129032,2.258064516129032,12.5
2015-02-28,2,inputs/tp_2y.png,13.435339861751151,2.8600230414746544,10.575316820276496
2015-03-31,2,inputs/tp_2y.png,12.305587557603687,2.4683179723502304,9.837269585253456
2015-04-30,2,inputs/tp_2y.png,11.128312211981566,3.290610599078341,7.837701612903224
2015-05-31,2,inputs/tp_2y.png,10.691244239631336,3.0414746543778794,7.649769585253457
2015-06-30,2,inputs/tp_2y.png,10.900057603686637,1.9614055299539168,8.93865207373272
2015-07-31,2,inputs/tp_2y.png,10.830933179723504,1.4516129032258065,9.379320276497698
2015-08-31,2,inputs/tp_2y.png,11.320564516129034,1.4415322580645165,9.879032258064518
2015-09-30,2,inputs/tp_2y.png,10.81221198156682,1.8663594470046085,8.945852534562212
2015-10-31,2,inputs/tp_2y.png,10.36290322580645,2.210541474654378,8.152361751152071
2015-11-30,2,inputs/tp_2y.png,10.349942396313363,2.338709677419355,8.011232718894007
2015-12-31,2,inputs/tp_2y.png,10.483870967741936,2.02044930875576,8.463421658986176
2016-01-31,2,inputs/tp_2y.png,10.247695852534562,1.952764976958526,8.294930875576036
2016-02-29,2,inputs/tp_2y.png,9.538450460829493,1.8966013824884789,7.641849078341014
2016-03-31,2,inputs/tp_2y.png,9.475806451612904,1.7137096774193545,7.76209677419355
2016-04-30,2,inputs/tp_2y.png,9.475806451612904,1.6935483870967745,7.78225806451613
2016-05-31,2,inputs/tp_2y.png,9.435483870967742,1.797235023041475,7.638248847926267
2016-06-30,2,inputs/tp_2y.png,9.314516129032258,1.4429723502304144,7.871543778801843
2016-07-31,2,inputs/tp_2y.png,9.086981566820276,1.517857142857144,7.569124423963132
2016-08-31,2,inputs/tp_2y.png,8.75,1.862039170506913,6.887960829493087
2016-09-30,2,inputs/tp_2y.png,8.724078341013824,1.8548387096774193,6.869239631336405
2016-10-31,2,inputs/tp_2y.png,8.75,1.6431451612903214,7.106854838709679
2016-11-30,2,inputs/tp_2y.png,8.516705069124423,1.8548387096774193,6.6618663594470044
2016-12-31,2,inputs/tp_2y.png,8.266129032258064,2.325748847926267,5.940380184331797
2017-01-31,2,inputs/tp_2y.png,8.444700460829493,2.0161290322580645,6.428571428571429
2017-02-28,2,inputs/tp_2y.png,8.508064516129032,1.7741935483870968,6.733870967741935
2017-03-31,2,inputs/tp_2y.png,8.346774193548386,1.6935483870967745,6.653225806451612
2017-04-30,2,inputs/tp_2y.png,8.16676267281106,1.5135368663594466,6.653225806451614
2017-05-31,2,inputs/tp_2y.png,8.044354838709678,1.3306451612903214,6.713709677419357
2017-06-30,2,inputs/tp_2y.png,8.04291474654378,1.1477534562211973,6.895161290322582
2017-07-31,2,inputs/tp_2y.png,7.8211405529953915,1.129032258064516,6.6921082949308754
2017-08-31,2,inputs/tp_2y.png,7.5964861751152055,1.1045506912442382,6.491935483870967
2017-09-30,2,inputs/tp_2y.png,7.459677419354839,0.9216589861751142,6.538018433179725
2017-10-31,2,inputs/tp_2y.png,7.230702764976958,0.9547811059907841,6.275921658986174
2017-11-30,2,inputs/tp_2y.png,6.967165898617512,0.959101382488479,6.008064516129033
2017-12-31,2,inputs/tp_2y.png,6.71875,0.8064516129032258,5.912298387096774
2018-01-31,2,inputs/tp_2y.png,6.506336405529953,0.9389400921659006,5.5673963133640525
2018-02-28,2,inputs/tp_2y.png,6.565380184331799,0.8136520737327172,5.751728110599082
2018-03-31,2,inputs/tp_2y.png,6.781394009216592,0.5501152073732706,6.231278801843321
2018-04-30,2,inputs/tp_2y.png,6.931163594470047,0.2865783410138239,6.644585253456223
2018-05-31,2,inputs/tp_2y.png,7.137096774193548,0.3225806451612903,6.814516129032258
2018-06-30,2,inputs/tp_2y.png,7.497839861751152,0.7229262672811066,6.774913594470045
2018-07-31,2,inputs/tp_2y.png,7.953629032258066,1.0685483870967767,6.885080645161289
2018-08-31,2,inputs/tp_2y.png,7.983870967741935,0.9259792626728091,7.057891705069126
2018-09-30,2,inputs/tp_2y.png,8.10483870967742,1.031105990783412,7.073732718894008
2018-10-31,2,inputs/tp_2y.png,8.100518433179722,0.9634216589861738,7.137096774193549
2018-11-30,2,inputs/tp_2y.png,7.862903225806452,0.6451612903225806,7.217741935483871
2018-12-31,2,inputs/tp_2y.png,7.862903225806452,0.4363479262672804,7.426555299539172
2019-01-31,2,inputs/tp_2y.png,7.701612903225806,0.3225806451612903,7.379032258064516
2019-02-28,2,inputs/tp_2y.png,7.701612903225806,0.3225806451612903,7.379032258064516
2019-03-31,2,inputs/tp_2y.png,7.508640552995391,0.4838709677419355,7.0247695852534555
2019-04-30,2,inputs/tp_2y.png,7.245103686635943,0.6451612903225806,6.599942396313362
2019-05-31,2,inputs/tp_2y.png,7.056451612903227,0.564516129032258,6.491935483870969
2019-06-30,2,inputs/tp_2y.png,6.879320276497695,0.4997119815668213,6.379608294930874
2019-07-31,2,inputs/tp_2y.png,6.535138248847925,0.6451612903225806,5.889976958525344
2019-08-31,2,inputs/tp_2y.png,6.110311059907832,0.8654953917050717,5.24481566820276
2019-09-30,2,inputs/tp_2y.png,5.846774193548387,0.9677419354838687,4.879032258064519
2019-10-31,2,inputs/tp_2y.png,5.715005760368663,0.8064516129032258,4.908554147465437
2019-11-30,2,inputs/tp_2y.png,5.604838709677419,0.8064516129032258,4.798387096774193
2019-12-31,2,inputs/tp_2y.png,5.799251152073737,0.8712557603686649,4.927995391705072
2020-01-31,2,inputs/tp_2y.png,5.9907834101382385,0.5587557603686603,5.432027649769578
2020-02-29,2,inputs/tp_2y.png,5.039602534562211,0.780529953917052,4.259072580645158
2020-03-31,2,inputs/tp_2y.png,4.693260368663593,0.999423963133638,3.6938364055299555
2020-04-30,2,inputs/tp_2y.png,4.556451612903226,0.4233870967741935,4.133064516129032
2020-05-31,2,inputs/tp_2y.png,4.556451612903226,0.4953917050691264,4.0610599078341
2020-06-30,2,inputs/tp_2y.png,4.613335253456223,0.6451612903225806,3.968173963133643
2020-07-31,2,inputs/tp_2y.png,4.637096774193548,0.6451612903225806,3.9919354838709675
2020-08-31,2,inputs/tp_2y.png,4.637096774193548,0.6451612903225806,3.9919354838709675
2020-09-30,2,inputs/tp_2y.png,4.67741935483871,0.7430875576036873,3.9343317972350227
2020-10-31,2,inputs/tp_2y.png,4.717741935483871,0.684043778801846,4.033698156682025
2020-11-30,2,inputs/tp_2y.png,4.98991935483871,1.028225806451613,3.961693548387097
2020-12-31,2,inputs/tp_2y.png,5.4860311059907865,1.6935483870967745,3.792482718894012
2021-01-31,2,inputs/tp_2y.png,5.846774193548387,1.6935483870967745,4.153225806451612
2021-02-28,2,inputs/tp_2y.png,6.052707373271891,1.6129032258064515,4.4398041474654395
2021-03-31,2,inputs/tp_2y.png,6.477534562211985,1.7741935483870968,4.703341013824888
2021-04-30,2,inputs/tp_2y.png,6.814516129032258,1.4300115207373252,5.384504608294932
2021-05-31,2,inputs/tp_2y.png,6.843317972350233,0.8064516129032258,6.036866359447007
2021-06-30,2,inputs/tp_2y.png,7.106854838709682,0.8568548387096819,6.25
2021-07-31,2,inputs/tp_2y.png,7.7289746543778834,1.3623271889400943,6.366647465437789
2021-08-31,2,inputs/tp_2y.png,8.601670506912447,1.59994239631336,7.001728110599086
2021-09-30,2,inputs/tp_2y.png,8.819124423963135,1.4516129032258065,7.367511520737329
2021-10-31,2,inputs/tp_2y.png,9.523329493087568,1.805875576036873,7.717453917050695
2021-11-30,2,inputs/tp_2y.png,11.146313364055306,1.77995391705069,9.366359447004616
2021-12-31,2,inputs/tp_2y.png,11.553139400921639,4.487327188940145,7.065812211981494
2022-01-31,2,inputs/tp_2y.png,10.282258064516116,6.693548387096737,3.588709677419379
2022-02-28,2,inputs/tp_2y.png,9.088421658986169,3.797523041474637,5.290898617511532
2022-03-31,2,inputs/tp_2y.png,8.302131336405525,1.6791474654377687,6.622983870967756
2022-04-30,2,inputs/tp_2y.png,7.850662442396313,0.9432603686635932,6.90740207373272
2022-05-31,2,inputs/tp_2y.png,7.989631336405534,0.5529953917050626,7.4366359447004715
2022-06-30,2,inputs/tp_2y.png,8.333813364055299,0.7805299539170519,7.553283410138247
2022-07-31,2,inputs/tp_2y.png,8.096198156682025,0.6451612903225806,7.451036866359444
2022-08-31,2,inputs/tp_2y.png,7.943548387096774,0.8064516129032258,7.137096774193548
2022-09-30,2,inputs/tp_2y.png,7.943548387096774,0.858294930875578,7.085253456221196
2022-10-31,2,inputs/tp_2y.png,8.218605990783415,1.3565668202765058,6.862039170506909
2022-11-30,2,inputs/tp_2y.png,8.332373271889399,1.129032258064516,7.203341013824883
2022-12-31,2,inputs/tp_2y.png,8.167482718894007,1.129032258064516,7.038450460829491
2023-01-31,2,inputs/tp_2y.png,8.133640552995393,1.129032258064516,7.004608294930877
2023-02-28,2,inputs/tp_2y.png,8.425979262672813,1.369527649769588,7.056451612903225
2023-03-31,2,inputs/tp_2y.png,8.941532258064521,1.7137096774193596,7.227822580645162
2023-04-30,2,inputs/tp_2y.png,10.167050691244247,1.6517857142857124,8.515264976958536
2023-05-31,2,inputs/tp_2y.png,11.768433179723523,1.2096774193548387,10.558755760368685
2023-06-30,2,inputs/tp_2y.png,12.168778801843315,1.3882488479262727,10.780529953917043
2023-07-31,2,inputs/tp_2y.png,11.92108294930876,2.5518433179723568,9.369239631336402
2023-08-31,2,inputs/tp_2y.png,12.345910138248854,3.064516129032258,9.281394009216596
2023-09-30,2,inputs/tp_2y.png,12.851382488479265,2.9838709677419355,9.86751152073733
2023-10-31,2,inputs/tp_2y.png,13.286290322580655,2.641129032258055,10.6451612903226
2023-11-30,2,inputs/tp_2y.png,13.781682027649772,2.2263824884792607,11.555299539170512
2023-12-31,2,inputs/tp_2y.png,14.23243087557605,2.2839861751152153,11.948444700460835
2024-01-31,2,inputs/tp_2y.png,15.33986175115208,2.655529953917052,12.684331797235028
2024-02-29,2,inputs/tp_2y.png,16.523617511520744,3.1768433179723568,13.346774193548388
2024-03-31,2,inputs/tp_2y.png,17.093894009216594,3.070276497695842,14.023617511520753
2024-04-30,2,inputs/tp_2y.png,17.70665322580646,2.962269585253459,14.744383640553
2024-05-31,2,inputs/tp_2y.png,19.032258064516128,3.870967741935484,15.161290322580644
2015-01-31,5,inputs/tp_5y.png,14.413793103448276,2.413793103448276,12.0
2015-02-28,5,inputs/tp_5y.png,13.282635467980295,2.8411330049261085,10.441502463054187
2015-03-31,5,inputs/tp_5y.png,12.139162561576352,2.3177339901477834,9.82142857142857
2015-04-30,5,inputs/tp_5y.png,11.033866995073891,3.2413793103448274,7.792487684729064
2015-05-31,5,inputs/tp_5y.png,10.73152709359606,2.733990147783251,7.99753694581281
2015-06-30,5,inputs/tp_5y.png,11.0,1.608374384236453,9.391625615763546
2015-07-31,5,inputs/tp_5y.png,11.041871921182267,1.283251231527094,9.758620689655173
2015-08-31,5,inputs/tp_5y.png,11.474137931034482,1.5086206896551726,9.96551724137931
2015-09-30,5,inputs/tp_5y.png,10.625615763546797,1.8029556650246308,8.822660098522167
2015-10-31,5,inputs/tp_5y.png,10.046798029556648,2.2635467980295574,7.783251231527091
2015-11-30,5,inputs/tp_5y.png,9.96551724137931,2.620689655172414,7.344827586206895
2015-12-31,5,inputs/tp_5y.png,10.165024630541872,2.0110837438423634,8.153940886699509
2016-01-31,5,inputs/tp_5y.png,10.197044334975367,1.8078817733990153,8.38916256157635
2016-02-29,5,inputs/tp_5y.png,9.329433497536945,1.8288177339901477,7.500615763546797
2016-03-31,5,inputs/tp_5y.png,9.21551724137931,1.793103448275862,7.4224137931034475
2016-04-30,5,inputs/tp_5y.png,9.06834975369458,1.9310344827586206,7.137315270935959
2016-05-31,5,inputs/tp_5y.png,8.911330049261084,2.1576354679802963,6.753694581280787
2016-06-30,5,inputs/tp_5y.png,8.685960591133004,1.8546798029556646,6.831280788177339
2016-07-31,5,inputs/tp_5y.png,8.557881773399016,1.8620689655172415,6.695812807881774
2016-08-31,5,inputs/tp_5y.png,8.310344827586206,2.137931034482759,6.1724137931034475
2016-09-30,5,inputs/tp_5y.png,8.472906403940888,1.9064039408866993,6.566502463054189
2016-10-31,5,inputs/tp_5y.png,8.655172413793103,1.543103448275861,7.112068965517242
2016-11-30,5,inputs/tp_5y.png,8.32142857142857,1.854679802955666,6.466748768472904
2016-12-31,5,inputs/tp_5y.png,8.005541871921183,2.402709359605911,5.602832512315272
2017-01-31,5,inputs/tp_5y.png,8.088669950738915,2.206896551724138,5.881773399014777
2017-02-28,5,inputs/tp_5y.png,8.010467980295566,2.0689655172413794,5.941502463054187
2017-03-31,5,inputs/tp_5y.png,7.830049261083743,1.933497536945812,5.896551724137931
2017-04-30,5,inputs/tp_5y.png,7.732142857142857,1.7081280788177338,6.024014778325123
2017-05-31,5,inputs/tp_5y.png,7.827586206896552,1.4137931034482751,6.413793103448277
2017-06-30,5,inputs/tp_5y.png,7.8965517241379315,1.1724137931034482,6.724137931034483
2017-07-31,5,inputs/tp_5y.png,7.687192118226599,1.103448275862069,6.58374384236453
2017-08-31,5,inputs/tp_5y.png,7.482758620689656,1.0135467980295556,6.4692118226601
2017-09-30,5,inputs/tp_5y.png,7.448275862068966,0.7487684729064022,6.699507389162564
2017-10-31,5,inputs/tp_5y.png,7.31588669950739,0.7475369458128084,6.568349753694581
2017-11-30,5,inputs/tp_5y.png,7.065270935960591,0.6133004926108372,6.451970443349754
2017-12-31,5,inputs/tp_5y.png,6.836206896551724,0.48275862068965514,6.353448275862069
2018-01-31,5,inputs/tp_5y.png,6.679802955665023,0.5960591133004943,6.0837438423645285
2018-02-28,5,inputs/tp_5y.png,6.7869458128078834,0.3571428571428544,6.429802955665029
2018-03-31,5,inputs/tp_5y.png,7.0,0.20689655172413793,6.793103448275862
2018-04-30,5,inputs/tp_5y.png,7.184113300492612,0.44458128078817816,6.739532019704434
2018-05-31,5,inputs/tp_5y.png,7.413793103448276,0.5517241379310345,6.862068965517241
2018-06-30,5,inputs/tp_5y.png,7.892857142857144,1.1687192118226608,6.724137931034483
2018-07-31,5,inputs/tp_5y.png,8.465517241379313,1.5862068965517242,6.879310344827589
2018-08-31,5,inputs/tp_5y.png,8.482758620689655,1.3793103448275863,7.1034482758620685
2018-09-30,5,inputs/tp_5y.png,8.57881773399015,1.4482758620689657,7.130541871921183
2018-10-31,5,inputs/tp_5y.png,8.444581280788176,1.3066502463054177,7.137931034482758
2018-11-30,5,inputs/tp_5y.png,8.172413793103448,0.9211822660098505,7.251231527093598
2018-12-31,5,inputs/tp_5y.png,8.068965517241379,0.6206896551724138,7.448275862068965
2019-01-31,5,inputs/tp_5y.png,8.03448275862069,0.6206896551724138,7.413793103448277
2019-02-28,5,inputs/tp_5y.png,7.956896551724136,0.41379310344827586,7.54310344827586
2019-03-31,5,inputs/tp_5y.png,7.662561576354678,0.27586206896551724,7.386699507389161
2019-04-30,5,inputs/tp_5y.png,7.333743842364531,0.3448275862068966,6.988916256157634
2019-05-31,5,inputs/tp_5y.png,7.140394088669949,0.27586206896551724,6.864532019704432
2019-06-30,5,inputs/tp_5y.png,6.917487684729063,0.27586206896551724,6.641625615763546
2019-07-31,5,inputs/tp_5y.png,6.572660098522166,0.41379310344827586,6.158866995073891
2019-08-31,5,inputs/tp_5y.png,6.259852216748766,0.48275862068965514,5.777093596059111
2019-09-30,5,inputs/tp_5y.png,6.137931034482759,0.41379310344827586,5.724137931034483
2019-10-31,5,inputs/tp_5y.png,5.947044334975367,0.3448275862068966,5.602216748768471
2019-11-30,5,inputs/tp_5y.png,5.8275862068965525,0.3448275862068966,5.482758620689656
2019-12-31,5,inputs/tp_5y.png,6.1527093596059155,0.8559113300492645,5.296798029556651
2020-01-31,5,inputs/tp_5y.png,6.120689655172404,0.5418719211822604,5.578817733990143
2020-02-29,5,inputs/tp_5y.png,5.2296798029556655,0.5751231527093602,4.654556650246305
2020-03-31,5,inputs/tp_5y.png,5.116995073891625,0.3719211822660076,4.7450738916256165
2020-04-30,5,inputs/tp_5y.png,5.137931034482759,0.7413793103448275,4.3965517241379315
2020-05-31,5,inputs/tp_5y.png,5.275862068965518,1.2512315270935979,4.02463054187192
2020-06-30,5,inputs/tp_5y.png,5.442118226600988,1.4766009852216784,3.96551724137931
2020-07-31,5,inputs/tp_5y.png,5.413793103448276,1.4014778325123143,4.012315270935962
2020-08-31,5,inputs/tp_5y.png,5.310344827586206,1.310344827586207,3.999999999999999
2020-09-30,5,inputs/tp_5y.png,5.359605911330049,1.4482758620689657,3.911330049261083
2020-10-31,5,inputs/tp_5y.png,5.584975369458131,1.5504926108374406,4.03448275862069
2020-11-30,5,inputs/tp_5y.png,5.948275862068964,2.1034482758620694,3.844827586206895
2020-12-31,5,inputs/tp_5y.png,6.519088669950741,2.620689655172414,3.898399014778327
2021-01-31,5,inputs/tp_5y.png,6.724137931034483,2.5320197044334942,4.192118226600989
2021-02-28,5,inputs/tp_5y.png,6.693349753694583,2.206896551724138,4.486453201970445
2021-03-31,5,inputs/tp_5y.png,6.918719211822664,2.0246305418719155,4.894088669950748
2021-04-30,5,inputs/tp_5y.png,6.924876847290641,1.3608374384236437,5.564039408866996
2021-05-31,5,inputs/tp_5y.png,6.8866995073891655,0.8029556650246282,6.083743842364537
2021-06-30,5,inputs/tp_5y.png,7.133620689655178,0.8706896551724177,6.26293103448276
2021-07-31,5,inputs/tp_5y.png,7.774630541871925,1.3029556650246323,6.471674876847293
2021-08-31,5,inputs/tp_5y.png,8.522783251231528,1.4371921182265979,7.085591133004931
2021-09-30,5,inputs/tp_5y.png,8.783251231527096,1.3793103448275863,7.40394088669951
2021-10-31,5,inputs/tp_5y.png,9.571428571428582,1.7512315270936016,7.82019704433498
2021-11-30,5,inputs/tp_5y.png,11.147783251231532,2.3399014778325133,8.807881773399018
2021-12-31,5,inputs/tp_5y.png,10.81403940886699,5.9913793103448745,4.822660098522115
2022-01-31,5,inputs/tp_5y.png,10.034482758620674,6.172413793103405,3.8620689655172695
2022-02-28,5,inputs/tp_5y.png,8.98953201970443,3.2475369458127927,5.741995073891638
2022-03-31,5,inputs/tp_5y.png,8.721674876847286,0.8842364532019537,7.837438423645333
2022-04-30,5,inputs/tp_5y.png,8.517241379310345,0.32389162561576246,8.193349753694584
2022-05-31,5,inputs/tp_5y.png,8.763546798029559,1.014778325123161,7.748768472906398
2022-06-30,5,inputs/tp_5y.png,9.253694581280788,1.7598522167487702,7.493842364532018
2022-07-31,5,inputs/tp_5y.png,9.341133004926107,1.9310344827586206,7.410098522167486
2022-08-31,5,inputs/tp_5y.png,9.310344827586206,2.16379310344828,7.146551724137927
2022-09-30,5,inputs/tp_5y.png,9.344827586206897,2.251231527093598,7.093596059113299
2022-10-31,5,inputs/tp_5y.png,9.545566502463059,2.6145320197044373,6.931034482758621
2022-11-30,5,inputs/tp_5y.png,9.655172413793103,2.4261083743842375,7.229064039408866
2022-12-31,5,inputs/tp_5y.png,9.65886699507389,2.620689655172414,7.038177339901475
2023-01-31,5,inputs/tp_5y.png,9.576354679802959,2.5517241379310347,7.024630541871924
2023-02-28,5,inputs/tp_5y.png,9.757389162561578,2.688423645320199,7.068965517241379
2023-03-31,5,inputs/tp_5y.png,10.275862068965525,2.724137931034475,7.55172413793105
2023-04-30,5,inputs/tp_5y.png,10.969211822660105,2.24014778325123,8.729064039408875
2023-05-31,5,inputs/tp_5y.png,11.859605911330059,2.1231527093596094,9.736453201970448
2023-06-30,5,inputs/tp_5y.png,11.923645320197041,2.210591133004927,9.713054187192114
2023-07-31,5,inputs/tp_5y.png,11.838669950738916,2.6871921182266094,9.151477832512306
2023-08-31,5,inputs/tp_5y.png,11.855911330049256,3.460591133004935,8.39532019704432
2023-09-30,5,inputs/tp_5y.png,11.886699507389165,3.862068965517241,8.024630541871925
2023-10-31,5,inputs/tp_5y.png,12.297413793103459,3.422413793103437,8.875000000000021
2023-11-30,5,inputs/tp_5y.png,12.98522167487685,2.7733990147783216,10.211822660098528
2023-12-31,5,inputs/tp_5y.png,13.676724137931046,2.8731527093596094,10.803571428571438
2024-01-31,5,inputs/tp_5y.png,14.839901477832518,2.96551724137931,11.874384236453208
2024-02-29,5,inputs/tp_5y.png,15.85467980295567,3.4753694581280845,12.379310344827587
2024-03-31,5,inputs/tp_5y.png,16.15394088669951,3.2093596059113256,12.944581280788183
2024-04-30,5,inputs/tp_5y.png,16.608990147783256,2.588669950738912,14.020320197044345
2024-05-31,5,inputs/tp_5y.png,17.620689655172413,3.3793103448275863,14.241379310344826
2015-01-31,10,inputs/tp_10y.png,12.875,3.9375,8.9375
2015-02-28,10,inputs/tp_10y.png,12.328683035714286,3.4654017857142856,8.86328125
2015-03-31,10,inputs/tp_10y.png,11.430803571428571,2.8794642857142856,8.551339285714285
2015-04-30,10,inputs/tp_10y.png,10.597377232142858,3.5,7.097377232142858
2015-05-31,10,inputs/tp_10y.png,10.472098214285714,2.738839285714286,7.733258928571427
2015-06-30,10,inputs/tp_10y.png,10.75,1.6322544642857149,9.117745535714285
2015-07-31,10,inputs/tp_10y.png,10.850446428571429,1.1529017857142858,9.697544642857142
2015-08-31,10,inputs/tp_10y.png,11.212890625,1.23828125,9.974609375
2015-09-30,10,inputs/tp_10y.png,10.332589285714286,1.6964285714285712,8.636160714285715
2015-10-31,10,inputs/tp_10y.png,9.760602678571429,2.3744419642857135,7.386160714285715
2015-11-30,10,inputs/tp_10y.png,9.65625,2.75,6.90625
2015-12-31,10,inputs/tp_10y.png,9.887276785714285,1.9754464285714288,7.911830357142856
2016-01-31,10,inputs/tp_10y.png,9.9453125,1.9375,8.0078125
2016-02-29,10,inputs/tp_10y.png,9.15625,1.789620535714286,7.3666294642857135
2016-03-31,10,inputs/tp_10y.png,9.0546875,1.8125,7.2421875
2016-04-30,10,inputs/tp_10y.png,8.757254464285715,2.0552455357142856,6.70200892857143
2016-05-31,10,inputs/tp_10y.png,8.522321428571429,2.375,6.147321428571429
2016-06-30,10,inputs/tp_10y.png,8.34375,1.9748883928571432,6.368861607142857
2016-07-31,10,inputs/tp_10y.png,8.198102678571429,2.1037946428571423,6.0943080357142865
2016-08-31,10,inputs/tp_10y.png,8.09375,2.1875,5.90625
2016-09-30,10,inputs/tp_10y.png,8.292410714285714,1.9040178571428594,6.388392857142854
2016-10-31,10,inputs/tp_10y.png,8.59375,1.4375,7.15625
2016-11-30,10,inputs/tp_10y.png,8.372209821428571,1.6685267857142856,6.703683035714286
2016-12-31,10,inputs/tp_10y.png,8.15625,2.0625,6.09375
2017-01-31,10,inputs/tp_10y.png,8.118303571428571,2.0,6.118303571428571
2017-02-28,10,inputs/tp_10y.png,7.939174107142858,1.9375,6.001674107142858
2017-03-31,10,inputs/tp_10y.png,7.672991071428572,1.875,5.797991071428572
2017-04-30,10,inputs/tp_10y.png,7.5931919642857135,1.6880580357142865,5.905133928571427
2017-05-31,10,inputs/tp_10y.png,7.71875,1.296875,6.421875
2017-06-30,10,inputs/tp_10y.png,7.734095982142858,1.0931919642857144,6.640904017857143
2017-07-31,10,inputs/tp_10y.png,7.608258928571429,0.9520089285714288,6.65625
2017-08-31,10,inputs/tp_10y.png,7.53125,0.7483258928571441,6.782924107142856
2017-09-30,10,inputs/tp_10y.png,7.5625,0.4642857142857153,7.098214285714285
2017-10-31,10,inputs/tp_10y.png,7.5625,0.375,7.1875
2017-11-30,10,inputs/tp_10y.png,7.46875,0.25,7.21875
2017-12-31,10,inputs/tp_10y.png,7.15234375,0.125,7.02734375
2018-01-31,10,inputs/tp_10y.png,7.09375,0.0625,7.03125
2018-02-28,10,inputs/tp_10y.png,7.205636160714286,0.22377232142857117,6.981863839285714
2018-03-31,10,inputs/tp_10y.png,7.34375,0.4899553571428559,6.853794642857144
2018-04-30,10,inputs/tp_10y.png,7.537388392857142,0.6936383928571423,6.84375
2018-05-31,10,inputs/tp_10y.png,7.6986607142857135,0.8125,6.8861607142857135
2018-06-30,10,inputs/tp_10y.png,8.190011160714285,1.327008928571427,6.863002232142858
2018-07-31,10,inputs/tp_10y.png,8.7109375,1.859375,6.8515625
2018-08-31,10,inputs/tp_10y.png,8.664620535714285,1.5083705357142847,7.15625
2018-09-30,10,inputs/tp_10y.png,8.78125,1.625,7.15625
2018-10-31,10,inputs/tp_10y.png,8.615513392857144,1.4185267857142883,7.196986607142856
2018-11-30,10,inputs/tp_10y.png,8.346540178571429,1.0111607142857153,7.3353794642857135
2018-12-31,10,inputs/tp_10y.png,8.28125,0.8125,7.46875
2019-01-31,10,inputs/tp_10y.png,8.28125,0.8125,7.46875
2019-02-28,10,inputs/tp_10y.png,8.17578125,0.64453125,7.53125
2019-03-31,10,inputs/tp_10y.png,7.787946428571431,0.3191964285714306,7.46875
2019-04-30,10,inputs/tp_10y.png,7.455915178571429,0.0625,7.393415178571429
2019-05-31,10,inputs/tp_10y.png,7.297991071428572,0.125,7.172991071428572
2019-06-30,10,inputs/tp_10y.png,7.164899553571429,0.1875,6.977399553571429
2019-07-31,10,inputs/tp_10y.png,6.783482142857146,0.125,6.658482142857146
2019-08-31,10,inputs/tp_10y.png,6.554966517857143,0.0625,6.492466517857143
2019-09-30,10,inputs/tp_10y.png,6.4375,0.125,6.3125
2019-10-31,10,inputs/tp_10y.png,6.288783482142858,0.1875,6.101283482142858
2019-11-30,10,inputs/tp_10y.png,6.155691964285714,0.25,5.905691964285714
2019-12-31,10,inputs/tp_10y.png,6.484095982142851,0.9787946428571352,5.505301339285716
2020-01-31,10,inputs/tp_10y.png,6.447544642857144,0.8035714285714306,5.6439732142857135
2020-02-29,10,inputs/tp_10y.png,5.769252232142859,0.26283482142857295,5.5064174107142865
2020-03-31,10,inputs/tp_10y.png,5.71875,0.4441964285714235,5.2745535714285765
2020-04-30,10,inputs/tp_10y.png,5.822265625,1.328125,4.494140625
2020-05-31,10,inputs/tp_10y.png,6.066964285714285,2.0089285714285694,4.058035714285715
2020-06-30,10,inputs/tp_10y.png,6.21875,2.25,3.96875
2020-07-31,10,inputs/tp_10y.png,6.15625,2.125,4.03125
2020-08-31,10,inputs/tp_10y.png,6.0625,2.0625,4.0
2020-09-30,10,inputs/tp_10y.png,6.09375,2.162946428571427,3.930803571428573
2020-10-31,10,inputs/tp_10y.png,6.335379464285712,2.3041294642857117,4.03125
2020-11-30,10,inputs/tp_10y.png,6.66796875,2.703125,3.96484375
2020-12-31,10,inputs/tp_10y.png,6.992745535714285,3.0625,3.9302455357142847
2021-01-31,10,inputs/tp_10y.png,7.15625,2.9598214285714306,4.196428571428569
2021-02-28,10,inputs/tp_10y.png,7.125,2.6311383928571423,4.493861607142858
2021-03-31,10,inputs/tp_10y.png,7.09375,2.1674107142857153,4.926339285714285
2021-04-30,10,inputs/tp_10y.png,7.03125,1.4838169642857189,5.547433035714281
2021-05-31,10,inputs/tp_10y.png,7.011160714285712,0.8950892857142883,6.1160714285714235
2021-06-30,10,inputs/tp_10y.png,7.21484375,0.9296875,6.28515625
2021-07-31,10,inputs/tp_10y.png,7.718191964285712,1.1372767857142847,6.580915178571427
2021-08-31,10,inputs/tp_10y.png,8.24720982142857,1.1590401785714306,7.088169642857139
2021-09-30,10,inputs/tp_10y.png,8.558035714285708,1.125,7.433035714285708
2021-10-31,10,inputs/tp_10y.png,9.276227678571427,1.3733258928571423,7.902901785714285
2021-11-30,10,inputs/tp_10y.png,10.597098214285698,2.2600446428571352,8.337053571428562
2021-12-31,10,inputs/tp_10y.png,10.705078125000009,6.14341517857137,4.561662946428639
2022-01-31,10,inputs/tp_10y.png,9.9921875,6.171875,3.8203125
2022-02-28,10,inputs/tp_10y.png,8.90625,3.3063616071428683,5.599888392857132
2022-03-31,10,inputs/tp_10y.png,8.875,0.6785714285714448,8.196428571428555
2022-04-30,10,inputs/tp_10y.png,8.90625,0.5033482142857082,8.402901785714292
2022-05-31,10,inputs/tp_10y.png,9.279017857142856,1.5580357142857117,7.720982142857144
2022-06-30,10,inputs/tp_10y.png,9.944475446428568,2.443080357142854,7.5013950892857135
2022-07-31,10,inputs/tp_10y.png,10.228236607142856,2.7689732142857117,7.459263392857144
2022-08-31,10,inputs/tp_10y.png,10.28125,3.09765625,7.18359375
2022-09-30,10,inputs/tp_10y.png,10.369419642857142,3.1875,7.181919642857142
2022-10-31,10,inputs/tp_10y.png,10.66127232142857,3.7449776785714306,6.916294642857139
2022-11-30,10,inputs/tp_10y.png,10.78125,3.521205357142854,7.260044642857146
2022-12-31,10,inputs/tp_10y.png,10.84375,3.75,7.09375
2023-01-31,10,inputs/tp_10y.png,10.839285714285714,3.75,7.0892857142857135
2023-02-28,10,inputs/tp_10y.png,10.913504464285712,3.75,7.163504464285712
2023-03-31,10,inputs/tp_10y.png,11.15625,3.3828125,7.7734375
2023-04-30,10,inputs/tp_10y.png,11.320870535714285,2.7271205357142847,8.59375
2023-05-31,10,inputs/tp_10y.png,11.705357142857139,2.986607142857139,8.71875
2023-06-30,10,inputs/tp_10y.png,11.959263392857146,3.178013392857146,8.78125
2023-07-31,10,inputs/tp_10y.png,11.869419642857142,3.0625,8.806919642857142
2023-08-31,10,inputs/tp_10y.png,11.801897321428573,3.333705357142854,8.468191964285719
2023-09-30,10,inputs/tp_10y.png,11.808035714285712,3.8080357142857117,8.0
2023-10-31,10,inputs/tp_10y.png,12.197265625,3.328125,8.869140625
2023-11-30,10,inputs/tp_10y.png,13.05580357142857,2.5691964285714306,10.486607142857139
2023-12-31,10,inputs/tp_10y.png,13.672712053571423,2.2059151785714306,11.466796874999993
2024-01-31,10,inputs/tp_10y.png,14.46093749999999,2.247767857142854,12.213169642857135
2024-02-29,10,inputs/tp_10y.png,15.246651785714285,2.729352678571427,12.517299107142858
2024-03-31,10,inputs/tp_10y.png,15.376116071428573,2.844866071428573,12.53125
2024-04-30,10,inputs/tp_10y.png,15.491908482142856,2.9838169642857117,12.508091517857144
2024-05-31,10,inputs/tp_10y.png,15.96875,3.4375,12.53125
